Category,Supplier,Sell Price,Buy Cost,Shipping Cost,Fee %,Ad Cost,Units,Revenue,Product Cost,Shipping Total,Fees Cost,Refund Flag,Refund Cost,Total Cost,Net Profit,Margin %,ROAS,Order Status
Lifestyle,Shenzhen Smart Home,$36.23,$10.63,$3.93,$0.03,$18.35,$2.00,$72.46,$21.26,$7.86,$2.17,No,$0.00,$49.64,$22.82,31.5%,3.95,Delivered
Automotive,Dongguan Auto Tools,$46.71,$13.78,$6.00,$0.03,$0.00,$3.00,$140.13,$41.34,$18.00,$4.20,No,$0.00,$63.54,$76.59,54.7%,0.00,Delivered
Home Decor,Yiwu Lighting Factory,$27.16,$5.99,$3.73,$0.03,$22.04,$3.00,$81.48,$17.97,$11.19,$2.44,No,$0.00,$53.64,$27.84,34.2%,3.70,Delivered
Electronics,Shenzhen Print Tech,$65.77,$21.01,$7.19,$0.03,$9.62,$1.00,$65.77,$21.01,$7.19,$1.97,No,$0.00,$39.79,$25.98,39.5%,6.84,Delivered
Automotive,Dongguan Auto Tools,$41.33,$15.02,$7.07,$0.03,$27.25,$3.00,$123.99,$45.06,$21.21,$3.72,No,$0.00,$97.24,$26.75,21.6%,4.55,Delivered
Fitness,Hangzhou Health Gear,$36.04,$8.56,$3.75,$0.03,$8.57,$1.00,$36.04,$8.56,$3.75,$1.08,No,$0.00,$21.96,$14.08,39.1%,4.21,Delivered
Home Decor,Yiwu Lighting Factory,$26.71,$6.12,$3.40,$0.03,$6.87,$1.00,$26.71,$6.12,$3.40,$0.80,No,$0.00,$17.19,$9.52,35.6%,3.89,Delivered
Fitness,Hangzhou Health Gear,$33.08,$9.71,$3.77,$0.03,$3.96,$2.00,$66.16,$19.42,$7.54,$1.98,No,$0.00,$32.90,$33.26,50.3%,16.71,Delivered
Pets,Yiwu Pet Products,$20.42,$3.35,$2.49,$0.03,$16.08,$3.00,$61.26,$10.05,$7.47,$1.84,No,$0.00,$35.44,$25.82,42.1%,3.81,Delivered
Kitchen,Foshan Appliances,$53.18,$16.82,$5.87,$0.03,$5.90,$1.00,$53.18,$16.82,$5.87,$1.60,No,$0.00,$30.19,$22.99,43.2%,9.01,Delivered
Home Decor,Yiwu Lighting Factory,$24.36,$6.05,$3.32,$0.03,$3.24,$1.00,$24.36,$6.05,$3.32,$0.73,No,$0.00,$13.34,$11.02,45.2%,7.52,Delivered
Automotive,Dongguan Auto Tools,$45.62,$13.94,$7.25,$0.03,$4.62,$2.00,$91.24,$27.88,$14.50,$2.74,No,$0.00,$49.74,$41.50,45.5%,19.75,Delivered
Kitchen,Foshan Appliances,$53.29,$15.27,$6.29,$0.03,$0.00,$2.00,$106.58,$30.54,$12.58,$3.20,No,$0.00,$46.32,$60.26,56.5%,0.00,Delivered
Pets,Yiwu Pet Products,$19.67,$3.40,$2.82,$0.03,$4.76,$2.00,$39.34,$6.80,$5.64,$1.18,No,$0.00,$18.38,$20.96,53.3%,8.26,Delivered
Home Decor,Yiwu Lighting Factory,$23.74,$6.17,$3.56,$0.03,$16.49,$2.00,$47.48,$12.34,$7.12,$1.42,No,$0.00,$37.37,$10.11,21.3%,2.88,Delivered
Kitchen,Foshan Appliances,$48.78,$17.16,$5.65,$0.03,$0.00,$3.00,$146.34,$51.48,$16.95,$4.39,No,$0.00,$72.82,$73.52,50.2%,0.00,Delivered
Electronics,Shenzhen Print Tech,$60.22,$21.76,$7.97,$0.03,$5.71,$1.00,$60.22,$21.76,$7.97,$1.81,No,$0.00,$37.25,$22.97,38.1%,10.55,Delivered
Lifestyle,Shenzhen Smart Home,$34.03,$10.13,$3.84,$0.03,$6.13,$1.00,$34.03,$10.13,$3.84,$1.02,No,$0.00,$21.12,$12.91,37.9%,5.55,Delivered
Automotive,Dongguan Auto Tools,$49.68,$13.59,$6.24,$0.03,$1.98,$1.00,$49.68,$13.59,$6.24,$1.49,No,$0.00,$23.30,$26.38,53.1%,25.09,Delivered
Pets,Yiwu Pet Products,$18.70,$3.67,$2.54,$0.03,$19.91,$3.00,$56.10,$11.01,$7.62,$1.68,No,$0.00,$40.22,$15.88,28.3%,2.82,Delivered
Home Decor,Yiwu Lighting Factory,$23.60,$6.07,$3.61,$0.03,$2.25,$2.00,$47.20,$12.14,$7.22,$1.42,No,$0.00,$23.03,$24.17,51.2%,20.98,Delivered
Accessories,Guangzhou Cases Ltd.,$16.17,$1.98,$1.97,$0.03,$5.80,$1.00,$16.17,$1.98,$1.97,$0.49,No,$0.00,$10.24,$5.93,36.7%,2.79,Delivered
Electronics,Shenzhen Audio Co.,$43.81,$8.61,$4.21,$0.03,$2.85,$1.00,$43.81,$8.61,$4.21,$1.31,No,$0.00,$16.98,$26.83,61.2%,15.37,Delivered
Automotive,Dongguan Auto Tools,$44.19,$14.17,$6.31,$0.03,$20.54,$2.00,$88.38,$28.34,$12.62,$2.65,No,$0.00,$64.15,$24.23,27.4%,4.30,Delivered
Accessories,Guangzhou Cases Ltd.,$16.73,$2.02,$2.18,$0.03,$3.74,$2.00,$33.46,$4.04,$4.36,$1.00,No,$0.00,$13.14,$20.32,60.7%,8.95,Delivered
Electronics,Shenzhen Audio Co.,$43.14,$8.83,$4.57,$0.03,$9.57,$1.00,$43.14,$8.83,$4.57,$1.29,No,$0.00,$24.26,$18.88,43.8%,4.51,Delivered
Electronics,Shenzhen Audio Co.,$42.78,$8.43,$4.06,$0.03,$0.00,$1.00,$42.78,$8.43,$4.06,$1.28,No,$0.00,$13.77,$29.01,67.8%,0.00,Delivered
Home Decor,Yiwu Lighting Factory,$23.41,$5.95,$3.59,$0.03,$2.68,$2.00,$46.82,$11.90,$7.18,$1.40,No,$0.00,$23.16,$23.66,50.5%,17.47,Delivered
Beauty,Ningbo Beauty Supply,$31.55,$7.03,$5.02,$0.03,$9.11,$2.00,$63.10,$14.06,$10.04,$1.89,No,$0.00,$35.10,$28.00,44.4%,6.93,Delivered
Accessories,Guangzhou Cases Ltd.,$15.35,$2.02,$2.02,$0.03,$12.66,$3.00,$46.05,$6.06,$6.06,$1.38,No,$0.00,$26.16,$19.89,43.2%,3.64,Delivered
Lifestyle,Shenzhen Smart Home,$31.41,$9.76,$3.84,$0.03,$16.43,$2.00,$62.82,$19.52,$7.68,$1.88,No,$0.00,$45.51,$17.31,27.6%,3.82,Delivered
Accessories,Guangzhou Cases Ltd.,$15.14,$2.10,$1.87,$0.03,$9.65,$1.00,$15.14,$2.10,$1.87,$0.45,Yes,$7.20,$21.27,-$6.13,-40.5%,1.57,Refunded
Lifestyle,Shenzhen Smart Home,$32.03,$10.46,$4.21,$0.03,$11.05,$3.00,$96.09,$31.38,$12.63,$2.88,No,$0.00,$57.94,$38.15,39.7%,8.70,Delivered
Automotive,Dongguan Auto Tools,$41.78,$14.50,$6.59,$0.03,$0.00,$3.00,$125.34,$43.50,$19.77,$3.76,No,$0.00,$67.03,$58.31,46.5%,0.00,Delivered
Lifestyle,Shenzhen Smart Home,$32.19,$9.83,$4.10,$0.03,$10.31,$1.00,$32.19,$9.83,$4.10,$0.97,No,$0.00,$25.21,$6.98,21.7%,3.12,Delivered
Home Decor,Yiwu Lighting Factory,$25.43,$6.39,$3.55,$0.03,$6.71,$1.00,$25.43,$6.39,$3.55,$0.76,No,$0.00,$17.41,$8.02,31.5%,3.79,Delivered
Fitness,Hangzhou Health Gear,$31.50,$8.85,$3.85,$0.03,$14.87,$2.00,$63.00,$17.70,$7.70,$1.89,No,$0.00,$42.16,$20.84,33.1%,4.24,Delivered
Electronics,Shenzhen Audio Co.,$44.13,$8.48,$3.92,$0.03,$3.98,$1.00,$44.13,$8.48,$3.92,$1.32,No,$0.00,$17.70,$26.43,59.9%,11.09,Delivered
Beauty,Ningbo Beauty Supply,$28.29,$7.51,$5.14,$0.03,$0.00,$2.00,$56.58,$15.02,$10.28,$1.70,No,$0.00,$27.00,$29.58,52.3%,0.00,Delivered
Pets,Yiwu Pet Products,$21.66,$3.41,$2.28,$0.03,$4.08,$1.00,$21.66,$3.41,$2.28,$0.65,No,$0.00,$10.42,$11.24,51.9%,5.31,Delivered
Accessories,Guangzhou Cases Ltd.,$15.65,$2.12,$2.10,$0.03,$0.00,$2.00,$31.30,$4.24,$4.20,$0.94,No,$0.00,$9.38,$21.92,70.0%,0.00,Delivered
Automotive,Dongguan Auto Tools,$42.47,$14.90,$7.41,$0.03,$0.00,$2.00,$0.00,$0.00,$0.00,$0.00,No,$0.00,$0.00,$0.00,0.0%,0.00,Cancelled
Accessories,Guangzhou Cases Ltd.,$15.87,$2.12,$2.23,$0.03,$8.13,$1.00,$15.87,$2.12,$2.23,$0.48,No,$0.00,$12.96,$2.91,18.3%,1.95,Delivered
Accessories,Guangzhou Cases Ltd.,$13.99,$2.14,$1.99,$0.03,$4.37,$1.00,$13.99,$2.14,$1.99,$0.42,No,$0.00,$8.92,$5.07,36.2%,3.20,Delivered
Accessories,Guangzhou Cases Ltd.,$13.93,$2.07,$1.92,$0.03,$18.97,$2.00,$27.86,$4.14,$3.84,$0.84,No,$0.00,$27.79,$0.07,0.3%,1.47,Delivered
Electronics,Shenzhen Print Tech,$62.56,$21.72,$7.15,$0.03,$1.08,$1.00,$62.56,$21.72,$7.15,$1.88,No,$0.00,$31.83,$30.73,49.1%,57.93,Delivered
Fitness,Hangzhou Health Gear,$31.97,$9.08,$4.13,$0.03,$9.55,$1.00,$31.97,$9.08,$4.13,$0.96,No,$0.00,$23.72,$8.25,25.8%,3.35,Delivered
Electronics,Shenzhen Print Tech,$66.59,$22.27,$7.20,$0.03,$8.13,$1.00,$66.59,$22.27,$7.20,$2.00,No,$0.00,$39.60,$26.99,40.5%,8.19,Delivered
Lifestyle,Shenzhen Smart Home,$33.14,$9.92,$4.43,$0.03,$15.14,$3.00,$99.42,$29.76,$13.29,$2.98,No,$0.00,$61.17,$38.25,38.5%,6.57,Delivered
Automotive,Dongguan Auto Tools,$46.10,$13.88,$6.07,$0.03,$19.95,$3.00,$138.30,$41.64,$18.21,$4.15,No,$0.00,$83.95,$54.35,39.3%,6.93,Delivered
Electronics,Shenzhen Print Tech,$56.74,$22.61,$6.50,$0.03,$16.87,$2.00,$113.48,$45.22,$13.00,$3.40,No,$0.00,$78.49,$34.99,30.8%,6.73,Delivered
Kitchen,Foshan Appliances,$55.30,$17.06,$6.13,$0.03,$10.97,$3.00,$165.90,$51.18,$18.39,$4.98,No,$0.00,$85.52,$80.38,48.5%,15.12,Delivered
Home Decor,Yiwu Lighting Factory,$25.06,$6.33,$3.39,$0.03,$3.93,$2.00,$50.12,$12.66,$6.78,$1.50,No,$0.00,$24.87,$25.25,50.4%,12.75,Delivered
Electronics,Shenzhen Audio Co.,$39.18,$8.79,$4.12,$0.03,$10.14,$2.00,$78.36,$17.58,$8.24,$2.35,No,$0.00,$38.31,$40.05,51.1%,7.73,Delivered
Kitchen,Foshan Appliances,$51.41,$16.76,$6.70,$0.03,$4.03,$2.00,$102.82,$33.52,$13.40,$3.08,Yes,$51.41,$105.44,-$2.62,-2.5%,25.51,Refunded
Fitness,Hangzhou Health Gear,$32.72,$9.43,$3.70,$0.03,$8.53,$2.00,$65.44,$18.86,$7.40,$1.96,No,$0.00,$36.75,$28.69,43.8%,7.67,Delivered
Lifestyle,Shenzhen Smart Home,$34.27,$10.78,$4.28,$0.03,$4.96,$1.00,$34.27,$10.78,$4.28,$1.03,No,$0.00,$21.05,$13.22,38.6%,6.91,Delivered
Electronics,Shenzhen Print Tech,$56.19,$21.23,$7.93,$0.03,$20.60,$3.00,$168.57,$63.69,$23.79,$5.06,No,$0.00,$113.14,$55.43,32.9%,8.18,Delivered
Automotive,Dongguan Auto Tools,$45.31,$14.57,$6.44,$0.03,$29.55,$3.00,$135.93,$43.71,$19.32,$4.08,No,$0.00,$96.66,$39.27,28.9%,4.60,Delivered
Kitchen,Foshan Appliances,$49.50,$16.44,$6.69,$0.03,$23.78,$3.00,$148.50,$49.32,$20.07,$4.46,No,$0.00,$97.63,$50.87,34.3%,6.24,Delivered
Electronics,Shenzhen Audio Co.,$37.72,$8.83,$3.99,$0.03,$9.81,$1.00,$37.72,$8.83,$3.99,$1.13,No,$0.00,$23.76,$13.96,37.0%,3.85,Delivered
Beauty,Ningbo Beauty Supply,$29.99,$6.75,$4.41,$0.03,$5.82,$1.00,$29.99,$6.75,$4.41,$0.90,No,$0.00,$17.88,$12.11,40.4%,5.15,Delivered
Home Decor,Yiwu Lighting Factory,$24.63,$6.17,$3.76,$0.03,$0.00,$3.00,$0.00,$0.00,$0.00,$0.00,No,$0.00,$0.00,$0.00,0.0%,0.00,Cancelled
Automotive,Dongguan Auto Tools,$43.66,$14.08,$7.26,$0.03,$12.37,$3.00,$130.98,$42.24,$21.78,$3.93,No,$0.00,$80.32,$50.66,38.7%,10.59,Delivered
Lifestyle,Shenzhen Smart Home,$31.13,$9.56,$4.24,$0.03,$2.98,$1.00,$31.13,$9.56,$4.24,$0.93,Yes,$22.06,$39.77,-$8.64,-27.8%,10.45,Refunded
Automotive,Dongguan Auto Tools,$40.75,$14.72,$6.66,$0.03,$4.65,$1.00,$40.75,$14.72,$6.66,$1.22,No,$0.00,$27.25,$13.50,33.1%,8.76,Delivered
Electronics,Shenzhen Print Tech,$59.30,$22.66,$7.67,$0.03,$8.89,$1.00,$59.30,$22.66,$7.67,$1.78,No,$0.00,$41.00,$18.30,30.9%,6.67,Delivered
Home Decor,Yiwu Lighting Factory,$23.12,$6.07,$3.28,$0.03,$12.53,$3.00,$69.36,$18.21,$9.84,$2.08,Yes,$52.19,$94.85,-$25.49,-36.8%,5.54,Refunded
Electronics,Shenzhen Print Tech,$62.22,$21.10,$7.38,$0.03,$7.50,$2.00,$124.44,$42.20,$14.76,$3.73,No,$0.00,$68.19,$56.25,45.2%,16.59,Delivered
Lifestyle,Shenzhen Smart Home,$33.57,$9.57,$4.49,$0.03,$3.97,$1.00,$33.57,$9.57,$4.49,$1.01,No,$0.00,$19.04,$14.53,43.3%,8.46,Delivered
Automotive,Dongguan Auto Tools,$47.88,$15.04,$7.13,$0.03,$5.94,$1.00,$47.88,$15.04,$7.13,$1.44,No,$0.00,$29.55,$18.33,38.3%,8.06,Delivered
Fitness,Hangzhou Health Gear,$34.97,$9.71,$4.17,$0.03,$8.59,$1.00,$34.97,$9.71,$4.17,$1.05,No,$0.00,$23.52,$11.45,32.7%,4.07,Delivered
Electronics,Shenzhen Audio Co.,$36.47,$8.11,$3.83,$0.03,$6.00,$1.00,$36.47,$8.11,$3.83,$1.09,No,$0.00,$19.03,$17.44,47.8%,6.08,Delivered
Automotive,Dongguan Auto Tools,$40.83,$14.16,$6.29,$0.03,$16.84,$2.00,$81.66,$28.32,$12.58,$2.45,No,$0.00,$60.19,$21.47,26.3%,4.85,Delivered
Lifestyle,Shenzhen Smart Home,$36.91,$9.60,$4.30,$0.03,$9.29,$1.00,$36.91,$9.60,$4.30,$1.11,No,$0.00,$24.30,$12.61,34.2%,3.97,Delivered
Fitness,Hangzhou Health Gear,$31.80,$9.52,$4.35,$0.03,$8.88,$1.00,$31.80,$9.52,$4.35,$0.95,Yes,$24.16,$47.86,-$16.06,-50.5%,3.58,Refunded
Kitchen,Foshan Appliances,$53.67,$16.15,$5.89,$0.03,$11.87,$2.00,$107.34,$32.30,$11.78,$3.22,No,$0.00,$59.17,$48.17,44.9%,9.04,Delivered
Kitchen,Foshan Appliances,$45.03,$16.46,$5.58,$0.03,$6.30,$1.00,$45.03,$16.46,$5.58,$1.35,No,$0.00,$29.69,$15.34,34.1%,7.15,Delivered
Pets,Yiwu Pet Products,$19.53,$3.59,$2.63,$0.03,$13.24,$2.00,$39.06,$7.18,$5.26,$1.17,No,$0.00,$26.85,$12.21,31.3%,2.95,Delivered
Kitchen,Foshan Appliances,$55.84,$15.56,$6.64,$0.03,$26.44,$3.00,$167.52,$46.68,$19.92,$5.03,No,$0.00,$98.07,$69.45,41.5%,6.34,Delivered
Kitchen,Foshan Appliances,$51.97,$16.64,$5.41,$0.03,$16.76,$2.00,$103.94,$33.28,$10.82,$3.12,No,$0.00,$63.98,$39.96,38.4%,6.20,Delivered
Home Decor,Yiwu Lighting Factory,$23.28,$5.90,$3.55,$0.03,$15.55,$2.00,$46.56,$11.80,$7.10,$1.40,No,$0.00,$35.85,$10.71,23.0%,2.99,Delivered
Kitchen,Foshan Appliances,$55.63,$16.99,$5.84,$0.03,$7.53,$1.00,$55.63,$16.99,$5.84,$1.67,No,$0.00,$32.03,$23.60,42.4%,7.39,Delivered
Beauty,Ningbo Beauty Supply,$30.87,$7.40,$4.59,$0.03,$8.67,$1.00,$30.87,$7.40,$4.59,$0.93,No,$0.00,$21.59,$9.28,30.1%,3.56,Delivered
Pets,Yiwu Pet Products,$20.44,$3.58,$2.51,$0.03,$4.16,$2.00,$40.88,$7.16,$5.02,$1.23,No,$0.00,$17.57,$23.31,57.0%,9.83,Delivered
Kitchen,Foshan Appliances,$45.52,$16.59,$5.97,$0.03,$8.60,$1.00,$45.52,$16.59,$5.97,$1.37,No,$0.00,$32.53,$12.99,28.5%,5.29,Delivered
Accessories,Guangzhou Cases Ltd.,$16.38,$2.05,$2.08,$0.03,$6.69,$3.00,$49.14,$6.15,$6.24,$1.47,No,$0.00,$20.55,$28.59,58.2%,7.35,Delivered
Lifestyle,Shenzhen Smart Home,$34.20,$10.31,$3.77,$0.03,$20.49,$2.00,$68.40,$20.62,$7.54,$2.05,No,$0.00,$50.70,$17.70,25.9%,3.34,Delivered
Kitchen,Foshan Appliances,$47.10,$15.93,$5.52,$0.03,$2.85,$1.00,$47.10,$15.93,$5.52,$1.41,No,$0.00,$25.71,$21.39,45.4%,16.53,Delivered
Home Decor,Yiwu Lighting Factory,$22.70,$6.35,$3.30,$0.03,$15.42,$2.00,$45.40,$12.70,$6.60,$1.36,No,$0.00,$36.08,$9.32,20.5%,2.94,Delivered
Lifestyle,Shenzhen Smart Home,$30.94,$9.95,$4.26,$0.03,$8.29,$1.00,$30.94,$9.95,$4.26,$0.93,No,$0.00,$23.43,$7.51,24.3%,3.73,Delivered
Home Decor,Yiwu Lighting Factory,$24.10,$6.22,$3.82,$0.03,$8.88,$1.00,$24.10,$6.22,$3.82,$0.72,No,$0.00,$19.64,$4.46,18.5%,2.71,Delivered
Accessories,Guangzhou Cases Ltd.,$16.71,$1.98,$1.90,$0.03,$9.01,$2.00,$33.42,$3.96,$3.80,$1.00,Yes,$28.74,$46.51,-$13.09,-39.2%,3.71,Refunded
Electronics,Shenzhen Print Tech,$55.35,$23.15,$6.64,$0.03,$30.19,$3.00,$166.05,$69.45,$19.92,$4.98,No,$0.00,$124.54,$41.51,25.0%,5.50,Delivered
Electronics,Shenzhen Print Tech,$64.25,$21.97,$6.33,$0.03,$6.01,$1.00,$64.25,$21.97,$6.33,$1.93,No,$0.00,$36.24,$28.01,43.6%,10.69,Delivered
Home Decor,Yiwu Lighting Factory,$22.57,$6.23,$3.45,$0.03,$8.34,$2.00,$45.14,$12.46,$6.90,$1.35,Yes,$26.08,$55.13,-$9.99,-22.1%,5.41,Refunded
Pets,Yiwu Pet Products,$21.22,$3.57,$2.58,$0.03,$5.63,$1.00,$21.22,$3.57,$2.58,$0.64,Yes,$11.72,$24.14,-$2.92,-13.8%,3.77,Refunded
Home Decor,Yiwu Lighting Factory,$27.08,$6.08,$3.43,$0.03,$3.76,$2.00,$54.16,$12.16,$6.86,$1.62,No,$0.00,$24.40,$29.76,54.9%,14.40,Delivered
Kitchen,Foshan Appliances,$50.59,$17.08,$6.64,$0.03,$7.80,$1.00,$50.59,$17.08,$6.64,$1.52,No,$0.00,$33.04,$17.55,34.7%,6.49,Delivered
Automotive,Dongguan Auto Tools,$46.27,$14.57,$7.28,$0.03,$4.85,$1.00,$46.27,$14.57,$7.28,$1.39,No,$0.00,$28.09,$18.18,39.3%,9.54,Delivered
Accessories,Guangzhou Cases Ltd.,$15.55,$2.09,$2.26,$0.03,$7.17,$2.00,$31.10,$4.18,$4.52,$0.93,No,$0.00,$16.80,$14.30,46.0%,4.34,Delivered
Automotive,Dongguan Auto Tools,$48.41,$15.06,$6.36,$0.03,$12.97,$2.00,$96.82,$30.12,$12.72,$2.90,No,$0.00,$58.71,$38.11,39.4%,7.46,Delivered
Lifestyle,Shenzhen Smart Home,$32.23,$9.90,$3.66,$0.03,$0.00,$1.00,$32.23,$9.90,$3.66,$0.97,No,$0.00,$14.53,$17.70,54.9%,0.00,Delivered
Electronics,Shenzhen Audio Co.,$43.94,$8.82,$4.01,$0.03,$3.96,$1.00,$0.00,$0.00,$0.00,$0.00,No,$0.00,$0.00,-$3.96,0.0%,0.00,Cancelled
Electronics,Shenzhen Audio Co.,$38.49,$8.65,$3.87,$0.03,$2.22,$1.00,$38.49,$8.65,$3.87,$1.15,No,$0.00,$15.89,$22.60,58.7%,17.34,Delivered
Electronics,Shenzhen Audio Co.,$39.20,$8.15,$3.87,$0.03,$5.35,$2.00,$78.40,$16.30,$7.74,$2.35,No,$0.00,$31.74,$46.66,59.5%,14.65,Delivered
Fitness,Hangzhou Health Gear,$34.54,$8.58,$4.57,$0.03,$1.80,$1.00,$34.54,$8.58,$4.57,$1.04,No,$0.00,$15.99,$18.55,53.7%,19.19,Delivered
Automotive,Dongguan Auto Tools,$45.71,$14.04,$6.73,$0.03,$20.32,$2.00,$91.42,$28.08,$13.46,$2.74,No,$0.00,$64.60,$26.82,29.3%,4.50,Delivered
Electronics,Shenzhen Audio Co.,$44.43,$9.11,$4.41,$0.03,$10.26,$1.00,$44.43,$9.11,$4.41,$1.33,No,$0.00,$25.11,$19.32,43.5%,4.33,Delivered
Home Decor,Yiwu Lighting Factory,$23.14,$5.74,$3.26,$0.03,$2.43,$1.00,$23.14,$5.74,$3.26,$0.69,No,$0.00,$12.12,$11.02,47.6%,9.52,Delivered
Lifestyle,Shenzhen Smart Home,$33.64,$10.52,$4.44,$0.03,$7.97,$1.00,$33.64,$10.52,$4.44,$1.01,No,$0.00,$23.94,$9.70,28.8%,4.22,Delivered
Pets,Yiwu Pet Products,$19.04,$3.66,$2.49,$0.03,$0.00,$2.00,$38.08,$7.32,$4.98,$1.14,No,$0.00,$13.44,$24.64,64.7%,0.00,Delivered
Fitness,Hangzhou Health Gear,$37.52,$9.35,$4.17,$0.03,$3.54,$1.00,$37.52,$9.35,$4.17,$1.13,No,$0.00,$18.19,$19.33,51.5%,10.60,Delivered
Fitness,Hangzhou Health Gear,$32.24,$8.89,$4.59,$0.03,$20.35,$2.00,$64.48,$17.78,$9.18,$1.93,No,$0.00,$49.24,$15.24,23.6%,3.17,Delivered
Beauty,Ningbo Beauty Supply,$28.39,$7.21,$4.90,$0.03,$9.03,$2.00,$56.78,$14.42,$9.80,$1.70,No,$0.00,$34.95,$21.83,38.4%,6.29,Delivered
Pets,Yiwu Pet Products,$20.86,$3.36,$2.51,$0.03,$0.00,$2.00,$41.72,$6.72,$5.02,$1.25,No,$0.00,$12.99,$28.73,68.9%,0.00,Delivered
Pets,Yiwu Pet Products,$21.68,$3.69,$2.64,$0.03,$0.00,$1.00,$21.68,$3.69,$2.64,$0.65,No,$0.00,$6.98,$14.70,67.8%,0.00,Delivered
Electronics,Shenzhen Print Tech,$65.32,$22.49,$7.33,$0.03,$3.43,$1.00,$65.32,$22.49,$7.33,$1.96,No,$0.00,$35.21,$30.11,46.1%,19.04,Delivered
Electronics,Shenzhen Audio Co.,$37.90,$8.31,$4.26,$0.03,$17.11,$2.00,$75.80,$16.62,$8.52,$2.27,No,$0.00,$44.52,$31.28,41.3%,4.43,Delivered
Electronics,Shenzhen Print Tech,$63.39,$23.22,$7.46,$0.03,$13.41,$3.00,$190.17,$69.66,$22.38,$5.71,No,$0.00,$111.16,$79.01,41.5%,14.18,Delivered
Pets,Yiwu Pet Products,$21.71,$3.61,$2.77,$0.03,$17.42,$2.00,$43.42,$7.22,$5.54,$1.30,No,$0.00,$31.48,$11.94,27.5%,2.49,Delivered
Kitchen,Foshan Appliances,$47.47,$15.46,$6.81,$0.03,$19.52,$3.00,$142.41,$46.38,$20.43,$4.27,No,$0.00,$90.60,$51.81,36.4%,7.30,Delivered
Accessories,Guangzhou Cases Ltd.,$15.07,$2.00,$1.80,$0.03,$9.71,$1.00,$15.07,$2.00,$1.80,$0.45,No,$0.00,$13.96,$1.11,7.4%,1.55,Delivered
Beauty,Ningbo Beauty Supply,$32.83,$7.29,$4.40,$0.03,$18.42,$2.00,$65.66,$14.58,$8.80,$1.97,No,$0.00,$43.77,$21.89,33.3%,3.56,Delivered
Kitchen,Foshan Appliances,$51.64,$16.29,$6.23,$0.03,$0.00,$1.00,$51.64,$16.29,$6.23,$1.55,No,$0.00,$24.07,$27.57,53.4%,0.00,Delivered
Lifestyle,Shenzhen Smart Home,$30.38,$10.49,$4.21,$0.03,$5.29,$2.00,$60.76,$20.98,$8.42,$1.82,No,$0.00,$36.51,$24.25,39.9%,11.49,Delivered
Lifestyle,Shenzhen Smart Home,$32.39,$10.39,$3.74,$0.03,$9.52,$1.00,$32.39,$10.39,$3.74,$0.97,No,$0.00,$24.62,$7.77,24.0%,3.40,Delivered
Electronics,Shenzhen Print Tech,$61.31,$21.33,$6.99,$0.03,$17.59,$2.00,$122.62,$42.66,$13.98,$3.68,No,$0.00,$77.91,$44.71,36.5%,6.97,Delivered
Automotive,Dongguan Auto Tools,$43.76,$14.95,$7.40,$0.03,$16.24,$2.00,$87.52,$29.90,$14.80,$2.63,No,$0.00,$63.57,$23.95,27.4%,5.39,Delivered
Pets,Yiwu Pet Products,$21.59,$3.36,$2.37,$0.03,$8.22,$1.00,$21.59,$3.36,$2.37,$0.65,No,$0.00,$14.60,$6.99,32.4%,2.63,Delivered
Home Decor,Yiwu Lighting Factory,$22.78,$6.14,$3.21,$0.03,$5.01,$1.00,$22.78,$6.14,$3.21,$0.68,No,$0.00,$15.04,$7.74,34.0%,4.55,Delivered
Accessories,Guangzhou Cases Ltd.,$15.50,$2.10,$2.16,$0.03,$16.92,$2.00,$31.00,$4.20,$4.32,$0.93,No,$0.00,$26.37,$4.63,14.9%,1.83,Delivered
Electronics,Shenzhen Audio Co.,$36.56,$8.86,$4.33,$0.03,$8.52,$1.00,$36.56,$8.86,$4.33,$1.10,No,$0.00,$22.81,$13.75,37.6%,4.29,Delivered
Pets,Yiwu Pet Products,$20.24,$3.65,$2.49,$0.03,$19.16,$2.00,$40.48,$7.30,$4.98,$1.21,No,$0.00,$32.65,$7.83,19.3%,2.11,Delivered
Fitness,Hangzhou Health Gear,$34.53,$9.24,$3.62,$0.03,$7.47,$1.00,$34.53,$9.24,$3.62,$1.04,No,$0.00,$21.37,$13.16,38.1%,4.62,Delivered
Fitness,Hangzhou Health Gear,$38.32,$8.62,$4.04,$0.03,$0.00,$1.00,$38.32,$8.62,$4.04,$1.15,No,$0.00,$13.81,$24.51,64.0%,0.00,Delivered
Automotive,Dongguan Auto Tools,$45.14,$14.11,$7.25,$0.03,$3.93,$1.00,$45.14,$14.11,$7.25,$1.35,No,$0.00,$26.64,$18.50,41.0%,11.49,Delivered
Fitness,Hangzhou Health Gear,$36.54,$9.39,$3.91,$0.03,$0.00,$1.00,$36.54,$9.39,$3.91,$1.10,No,$0.00,$14.40,$22.14,60.6%,0.00,Delivered
Electronics,Shenzhen Audio Co.,$40.87,$9.02,$4.05,$0.03,$27.99,$3.00,$122.61,$27.06,$12.15,$3.68,No,$0.00,$70.88,$51.73,42.2%,4.38,Delivered
Pets,Yiwu Pet Products,$18.84,$3.55,$2.41,$0.03,$7.06,$1.00,$18.84,$3.55,$2.41,$0.57,No,$0.00,$13.59,$5.25,27.9%,2.67,Delivered
Automotive,Dongguan Auto Tools,$44.32,$13.91,$6.97,$0.03,$15.93,$2.00,$88.64,$27.82,$13.94,$2.66,No,$0.00,$60.35,$28.29,31.9%,5.56,Delivered
Lifestyle,Shenzhen Smart Home,$33.51,$9.68,$4.58,$0.03,$5.31,$1.00,$33.51,$9.68,$4.58,$1.01,No,$0.00,$20.58,$12.93,38.6%,6.31,Delivered
Kitchen,Foshan Appliances,$51.01,$17.11,$6.62,$0.03,$5.49,$1.00,$51.01,$17.11,$6.62,$1.53,No,$0.00,$30.75,$20.26,39.7%,9.29,Delivered
Kitchen,Foshan Appliances,$54.77,$15.53,$6.82,$0.03,$7.66,$2.00,$109.54,$31.06,$13.64,$3.29,No,$0.00,$55.65,$53.89,49.2%,14.30,Delivered
Electronics,Shenzhen Print Tech,$63.85,$21.99,$6.77,$0.03,$3.31,$1.00,$63.85,$21.99,$6.77,$1.92,Yes,$56.02,$90.01,-$26.16,-41.0%,19.29,Refunded
Fitness,Hangzhou Health Gear,$36.79,$8.70,$4.09,$0.03,$0.00,$2.00,$73.58,$17.40,$8.18,$2.21,No,$0.00,$27.79,$45.79,62.2%,0.00,Delivered
Beauty,Ningbo Beauty Supply,$29.88,$7.53,$4.46,$0.03,$5.60,$1.00,$29.88,$7.53,$4.46,$0.90,No,$0.00,$18.49,$11.39,38.1%,5.34,Delivered
Lifestyle,Shenzhen Smart Home,$36.38,$10.72,$4.45,$0.03,$5.85,$1.00,$36.38,$10.72,$4.45,$1.09,Yes,$19.64,$41.75,-$5.37,-14.8%,6.22,Refunded
Pets,Yiwu Pet Products,$19.82,$3.43,$2.49,$0.03,$6.96,$1.00,$19.82,$3.43,$2.49,$0.59,No,$0.00,$13.47,$6.35,32.0%,2.85,Delivered
Lifestyle,Shenzhen Smart Home,$30.90,$9.68,$3.85,$0.03,$19.37,$2.00,$61.80,$19.36,$7.70,$1.85,No,$0.00,$48.28,$13.52,21.9%,3.19,Delivered
Lifestyle,Shenzhen Smart Home,$36.22,$10.18,$4.51,$0.03,$8.73,$2.00,$72.44,$20.36,$9.02,$2.17,No,$0.00,$40.28,$32.16,44.4%,8.30,Delivered
Lifestyle,Shenzhen Smart Home,$36.07,$10.56,$3.81,$0.03,$15.82,$3.00,$108.21,$31.68,$11.43,$3.25,No,$0.00,$62.18,$46.03,42.5%,6.84,Delivered
Lifestyle,Shenzhen Smart Home,$33.48,$10.06,$4.55,$0.03,$19.41,$2.00,$0.00,$0.00,$0.00,$0.00,No,$0.00,$0.00,-$19.41,0.0%,0.00,Cancelled
Automotive,Dongguan Auto Tools,$48.33,$13.89,$7.40,$0.03,$0.00,$2.00,$96.66,$27.78,$14.80,$2.90,No,$0.00,$45.48,$51.18,52.9%,0.00,Delivered
Pets,Yiwu Pet Products,$18.00,$3.65,$2.44,$0.03,$12.01,$2.00,$36.00,$7.30,$4.88,$1.08,No,$0.00,$25.27,$10.73,29.8%,3.00,Delivered
Accessories,Guangzhou Cases Ltd.,$14.77,$2.16,$2.14,$0.03,$8.28,$1.00,$0.00,$0.00,$0.00,$0.00,No,$0.00,$0.00,-$8.28,0.0%,0.00,Cancelled
Electronics,Shenzhen Print Tech,$55.75,$23.10,$8.02,$0.03,$20.42,$2.00,$111.50,$46.20,$16.04,$3.35,No,$0.00,$86.01,$25.49,22.9%,5.46,Delivered
Pets,Yiwu Pet Products,$20.88,$3.61,$2.45,$0.03,$10.84,$3.00,$62.64,$10.83,$7.35,$1.88,No,$0.00,$30.90,$31.74,50.7%,5.78,Delivered
Lifestyle,Shenzhen Smart Home,$32.92,$10.66,$4.41,$0.03,$5.28,$1.00,$32.92,$10.66,$4.41,$0.99,No,$0.00,$21.34,$11.58,35.2%,6.23,Delivered
Beauty,Ningbo Beauty Supply,$29.12,$7.17,$5.08,$0.03,$16.73,$2.00,$58.24,$14.34,$10.16,$1.75,No,$0.00,$42.98,$15.26,26.2%,3.48,Delivered
Lifestyle,Shenzhen Smart Home,$36.11,$10.42,$4.48,$0.03,$7.20,$1.00,$36.11,$10.42,$4.48,$1.08,No,$0.00,$23.18,$12.93,35.8%,5.02,Delivered
Electronics,Shenzhen Audio Co.,$39.09,$8.55,$3.71,$0.03,$18.13,$2.00,$78.18,$17.10,$7.42,$2.35,No,$0.00,$45.00,$33.18,42.4%,4.31,Delivered
Lifestyle,Shenzhen Smart Home,$30.87,$9.85,$3.62,$0.03,$8.51,$1.00,$30.87,$9.85,$3.62,$0.93,No,$0.00,$22.91,$7.96,25.8%,3.63,Delivered
Electronics,Shenzhen Audio Co.,$42.22,$8.82,$4.30,$0.03,$9.82,$1.00,$42.22,$8.82,$4.30,$1.27,No,$0.00,$24.21,$18.01,42.7%,4.30,Delivered
Electronics,Shenzhen Print Tech,$63.57,$22.29,$7.14,$0.03,$15.42,$3.00,$190.71,$66.87,$21.42,$5.72,No,$0.00,$109.43,$81.28,42.6%,12.37,Delivered
Accessories,Guangzhou Cases Ltd.,$15.88,$2.15,$2.00,$0.03,$14.06,$2.00,$31.76,$4.30,$4.00,$0.95,No,$0.00,$23.31,$8.45,26.6%,2.26,Delivered
Electronics,Shenzhen Audio Co.,$39.19,$8.40,$3.69,$0.03,$19.84,$2.00,$78.38,$16.80,$7.38,$2.35,No,$0.00,$46.37,$32.01,40.8%,3.95,Delivered
Electronics,Shenzhen Audio Co.,$41.76,$9.05,$4.22,$0.03,$19.79,$2.00,$83.52,$18.10,$8.44,$2.51,No,$0.00,$48.84,$34.68,41.5%,4.22,Delivered
Automotive,Dongguan Auto Tools,$47.28,$14.58,$6.05,$0.03,$13.28,$3.00,$141.84,$43.74,$18.15,$4.26,No,$0.00,$79.43,$62.41,44.0%,10.68,Delivered
Automotive,Dongguan Auto Tools,$46.78,$14.88,$6.87,$0.03,$15.77,$3.00,$140.34,$44.64,$20.61,$4.21,No,$0.00,$85.23,$55.11,39.3%,8.90,Delivered
Electronics,Shenzhen Audio Co.,$42.08,$8.53,$3.77,$0.03,$1.40,$1.00,$42.08,$8.53,$3.77,$1.26,No,$0.00,$14.96,$27.12,64.4%,30.06,Delivered
Home Decor,Yiwu Lighting Factory,$26.60,$6.27,$3.35,$0.03,$19.81,$2.00,$53.20,$12.54,$6.70,$1.60,No,$0.00,$40.65,$12.55,23.6%,2.69,Delivered
Beauty,Ningbo Beauty Supply,$29.92,$6.80,$4.72,$0.03,$8.94,$1.00,$29.92,$6.80,$4.72,$0.90,No,$0.00,$21.36,$8.56,28.6%,3.35,Delivered
Automotive,Dongguan Auto Tools,$47.37,$14.58,$7.09,$0.03,$4.90,$2.00,$94.74,$29.16,$14.18,$2.84,Yes,$65.04,$116.12,-$21.38,-22.6%,19.33,Refunded
Home Decor,Yiwu Lighting Factory,$26.78,$5.72,$3.64,$0.03,$8.92,$1.00,$26.78,$5.72,$3.64,$0.80,No,$0.00,$19.08,$7.70,28.8%,3.00,Delivered
Home Decor,Yiwu Lighting Factory,$24.77,$5.93,$3.77,$0.03,$16.88,$3.00,$74.31,$17.79,$11.31,$2.23,No,$0.00,$48.21,$26.10,35.1%,4.40,Delivered
Automotive,Dongguan Auto Tools,$47.64,$14.49,$6.83,$0.03,$3.12,$3.00,$142.92,$43.47,$20.49,$4.29,No,$0.00,$71.37,$71.55,50.1%,45.81,Delivered
Electronics,Shenzhen Audio Co.,$42.65,$8.50,$4.58,$0.03,$13.29,$3.00,$127.95,$25.50,$13.74,$3.84,No,$0.00,$56.37,$71.58,55.9%,9.63,Delivered
Electronics,Shenzhen Audio Co.,$44.77,$8.12,$3.66,$0.03,$11.24,$2.00,$89.54,$16.24,$7.32,$2.69,No,$0.00,$37.49,$52.05,58.1%,7.97,Delivered
Fitness,Hangzhou Health Gear,$37.20,$8.81,$3.65,$0.03,$3.90,$1.00,$37.20,$8.81,$3.65,$1.12,No,$0.00,$17.48,$19.72,53.0%,9.54,Delivered
Home Decor,Yiwu Lighting Factory,$23.51,$6.35,$3.44,$0.03,$5.59,$1.00,$23.51,$6.35,$3.44,$0.71,No,$0.00,$16.09,$7.42,31.6%,4.21,Delivered
Automotive,Dongguan Auto Tools,$40.87,$14.89,$6.97,$0.03,$0.00,$1.00,$0.00,$0.00,$0.00,$0.00,No,$0.00,$0.00,$0.00,0.0%,0.00,Cancelled
Fitness,Hangzhou Health Gear,$34.84,$9.49,$4.41,$0.03,$3.84,$2.00,$69.68,$18.98,$8.82,$2.09,No,$0.00,$33.73,$35.95,51.6%,18.15,Delivered
Electronics,Shenzhen Audio Co.,$42.83,$8.70,$3.62,$0.03,$6.30,$1.00,$42.83,$8.70,$3.62,$1.28,No,$0.00,$19.90,$22.93,53.5%,6.80,Delivered
Lifestyle,Shenzhen Smart Home,$36.36,$10.37,$4.11,$0.03,$19.36,$3.00,$109.08,$31.11,$12.33,$3.27,No,$0.00,$66.07,$43.01,39.4%,5.63,Delivered
Accessories,Guangzhou Cases Ltd.,$14.06,$1.94,$1.84,$0.03,$9.49,$1.00,$14.06,$1.94,$1.84,$0.42,No,$0.00,$13.69,$0.37,2.6%,1.48,Delivered
Accessories,Guangzhou Cases Ltd.,$14.97,$2.04,$1.96,$0.03,$0.00,$1.00,$14.97,$2.04,$1.96,$0.45,Yes,$10.25,$14.70,$0.27,1.8%,0.00,Refunded
Kitchen,Foshan Appliances,$48.98,$16.66,$6.74,$0.03,$19.80,$2.00,$97.96,$33.32,$13.48,$2.94,No,$0.00,$69.54,$28.42,29.0%,4.95,Delivered
Pets,Yiwu Pet Products,$21.94,$3.44,$2.41,$0.03,$4.85,$1.00,$21.94,$3.44,$2.41,$0.66,No,$0.00,$11.36,$10.58,48.2%,4.52,Delivered
Fitness,Hangzhou Health Gear,$31.87,$9.66,$3.69,$0.03,$9.15,$1.00,$31.87,$9.66,$3.69,$0.96,No,$0.00,$23.46,$8.41,26.4%,3.48,Delivered
Automotive,Dongguan Auto Tools,$44.34,$14.15,$6.30,$0.03,$9.03,$3.00,$133.02,$42.45,$18.90,$3.99,No,$0.00,$74.37,$58.65,44.1%,14.73,Delivered
Accessories,Guangzhou Cases Ltd.,$14.59,$2.12,$1.98,$0.03,$6.79,$1.00,$14.59,$2.12,$1.98,$0.44,No,$0.00,$11.33,$3.26,22.3%,2.15,Delivered
Electronics,Shenzhen Audio Co.,$36.32,$8.46,$4.32,$0.03,$9.43,$3.00,$108.96,$25.38,$12.96,$3.27,No,$0.00,$51.04,$57.92,53.2%,11.55,Delivered
Automotive,Dongguan Auto Tools,$40.61,$13.59,$6.95,$0.03,$15.17,$2.00,$81.22,$27.18,$13.90,$2.44,No,$0.00,$58.69,$22.53,27.7%,5.35,Delivered
Accessories,Guangzhou Cases Ltd.,$14.86,$1.92,$1.90,$0.03,$0.00,$1.00,$14.86,$1.92,$1.90,$0.45,No,$0.00,$4.27,$10.59,71.3%,0.00,Delivered
Pets,Yiwu Pet Products,$18.32,$3.41,$2.47,$0.03,$12.17,$2.00,$36.64,$6.82,$4.94,$1.10,No,$0.00,$25.03,$11.61,31.7%,3.01,Delivered
Beauty,Ningbo Beauty Supply,$33.11,$7.56,$4.18,$0.03,$27.02,$3.00,$99.33,$22.68,$12.54,$2.98,No,$0.00,$65.22,$34.11,34.3%,3.68,Delivered
Accessories,Guangzhou Cases Ltd.,$15.10,$2.13,$1.90,$0.03,$3.43,$1.00,$15.10,$2.13,$1.90,$0.45,Yes,$11.27,$19.18,-$4.08,-27.0%,4.40,Refunded
Lifestyle,Shenzhen Smart Home,$31.48,$10.72,$4.10,$0.03,$16.46,$2.00,$62.96,$21.44,$8.20,$1.89,No,$0.00,$47.99,$14.97,23.8%,3.83,Delivered
Lifestyle,Shenzhen Smart Home,$31.99,$10.72,$3.73,$0.03,$10.70,$2.00,$63.98,$21.44,$7.46,$1.92,No,$0.00,$41.52,$22.46,35.1%,5.98,Delivered
Automotive,Dongguan Auto Tools,$41.85,$13.69,$7.00,$0.03,$26.46,$3.00,$125.55,$41.07,$21.00,$3.77,No,$0.00,$92.30,$33.25,26.5%,4.74,Delivered
Pets,Yiwu Pet Products,$21.96,$3.59,$2.30,$0.03,$8.77,$1.00,$21.96,$3.59,$2.30,$0.66,Yes,$10.41,$25.73,-$3.77,-17.2%,2.50,Refunded
Electronics,Shenzhen Print Tech,$61.16,$23.34,$6.45,$0.03,$23.42,$3.00,$183.48,$70.02,$19.35,$5.50,Yes,$112.73,$231.02,-$47.54,-25.9%,7.83,Refunded
Home Decor,Yiwu Lighting Factory,$22.94,$5.85,$3.54,$0.03,$7.87,$1.00,$22.94,$5.85,$3.54,$0.69,No,$0.00,$17.95,$4.99,21.8%,2.91,Delivered
Fitness,Hangzhou Health Gear,$34.75,$8.57,$3.77,$0.03,$1.53,$1.00,$34.75,$8.57,$3.77,$1.04,No,$0.00,$14.91,$19.84,57.1%,22.71,Delivered
Electronics,Shenzhen Audio Co.,$43.99,$8.67,$4.37,$0.03,$6.56,$2.00,$87.98,$17.34,$8.74,$2.64,No,$0.00,$35.28,$52.70,59.9%,13.41,Delivered
Lifestyle,Shenzhen Smart Home,$33.43,$10.61,$4.19,$0.03,$16.98,$2.00,$66.86,$21.22,$8.38,$2.01,No,$0.00,$48.59,$18.27,27.3%,3.94,Delivered
Lifestyle,Shenzhen Smart Home,$34.48,$10.41,$4.45,$0.03,$0.00,$1.00,$34.48,$10.41,$4.45,$1.03,No,$0.00,$15.89,$18.59,53.9%,0.00,Delivered
Beauty,Ningbo Beauty Supply,$30.75,$7.37,$4.74,$0.03,$1.60,$1.00,$30.75,$7.37,$4.74,$0.92,No,$0.00,$14.63,$16.12,52.4%,19.22,Delivered
Pets,Yiwu Pet Products,$18.46,$3.44,$2.40,$0.03,$6.18,$1.00,$18.46,$3.44,$2.40,$0.55,No,$0.00,$12.57,$5.89,31.9%,2.99,Delivered
Kitchen,Foshan Appliances,$47.98,$16.20,$6.15,$0.03,$7.74,$3.00,$0.00,$0.00,$0.00,$0.00,No,$0.00,$0.00,-$7.74,0.0%,0.00,Cancelled
Home Decor,Yiwu Lighting Factory,$25.13,$6.46,$3.51,$0.03,$6.40,$1.00,$25.13,$6.46,$3.51,$0.75,No,$0.00,$17.12,$8.01,31.9%,3.93,Delivered
Electronics,Shenzhen Audio Co.,$42.11,$8.41,$4.26,$0.03,$10.56,$2.00,$84.22,$16.82,$8.52,$2.53,No,$0.00,$38.43,$45.79,54.4%,7.98,Delivered
Fitness,Hangzhou Health Gear,$33.88,$9.01,$4.25,$0.03,$16.52,$2.00,$67.76,$18.02,$8.50,$2.03,No,$0.00,$45.07,$22.69,33.5%,4.10,Delivered
Automotive,Dongguan Auto Tools,$41.05,$13.86,$6.27,$0.03,$12.39,$3.00,$123.15,$41.58,$18.81,$3.69,No,$0.00,$76.47,$46.68,37.9%,9.94,Delivered
Electronics,Shenzhen Audio Co.,$44.01,$8.20,$3.75,$0.03,$8.40,$1.00,$44.01,$8.20,$3.75,$1.32,No,$0.00,$21.67,$22.34,50.8%,5.24,Delivered
Pets,Yiwu Pet Products,$18.74,$3.51,$2.70,$0.03,$5.48,$1.00,$18.74,$3.51,$2.70,$0.56,No,$0.00,$12.25,$6.49,34.6%,3.42,Delivered
Home Decor,Yiwu Lighting Factory,$27.05,$6.24,$3.38,$0.03,$14.93,$2.00,$54.10,$12.48,$6.76,$1.62,No,$0.00,$35.79,$18.31,33.8%,3.62,Delivered
Fitness,Hangzhou Health Gear,$31.61,$9.18,$4.07,$0.03,$6.28,$1.00,$31.61,$9.18,$4.07,$0.95,No,$0.00,$20.48,$11.13,35.2%,5.03,Delivered
Beauty,Ningbo Beauty Supply,$28.49,$6.72,$4.33,$0.03,$9.28,$2.00,$56.98,$13.44,$8.66,$1.71,No,$0.00,$33.09,$23.89,41.9%,6.14,Delivered
Home Decor,Yiwu Lighting Factory,$23.90,$5.95,$3.56,$0.03,$7.29,$2.00,$47.80,$11.90,$7.12,$1.43,No,$0.00,$27.74,$20.06,42.0%,6.56,Delivered
Lifestyle,Shenzhen Smart Home,$36.42,$10.20,$4.54,$0.03,$15.97,$2.00,$72.84,$20.40,$9.08,$2.19,No,$0.00,$47.64,$25.20,34.6%,4.56,Delivered
Lifestyle,Shenzhen Smart Home,$30.02,$9.58,$4.41,$0.03,$8.01,$1.00,$30.02,$9.58,$4.41,$0.90,No,$0.00,$22.90,$7.12,23.7%,3.75,Delivered
Lifestyle,Shenzhen Smart Home,$36.81,$10.23,$3.83,$0.03,$12.21,$2.00,$73.62,$20.46,$7.66,$2.21,No,$0.00,$42.54,$31.08,42.2%,6.03,Delivered
Accessories,Guangzhou Cases Ltd.,$14.67,$1.91,$1.86,$0.03,$18.74,$2.00,$29.34,$3.82,$3.72,$0.88,No,$0.00,$27.16,$2.18,7.4%,1.57,Delivered
Lifestyle,Shenzhen Smart Home,$31.94,$10.06,$3.73,$0.03,$15.00,$3.00,$95.82,$30.18,$11.19,$2.87,No,$0.00,$59.24,$36.58,38.2%,6.39,Delivered
Fitness,Hangzhou Health Gear,$32.76,$9.67,$3.82,$0.03,$13.02,$2.00,$65.52,$19.34,$7.64,$1.97,No,$0.00,$41.97,$23.55,35.9%,5.03,Delivered
Electronics,Shenzhen Audio Co.,$40.27,$8.56,$3.96,$0.03,$2.50,$1.00,$40.27,$8.56,$3.96,$1.21,No,$0.00,$16.23,$24.04,59.7%,16.11,Delivered
Kitchen,Foshan Appliances,$49.69,$17.19,$5.81,$0.03,$5.29,$2.00,$99.38,$34.38,$11.62,$2.98,No,$0.00,$54.27,$45.11,45.4%,18.79,Delivered
Beauty,Ningbo Beauty Supply,$32.19,$7.03,$4.32,$0.03,$7.06,$1.00,$32.19,$7.03,$4.32,$0.97,Yes,$25.80,$45.18,-$12.99,-40.4%,4.56,Refunded
Accessories,Guangzhou Cases Ltd.,$16.34,$1.92,$2.12,$0.03,$0.00,$1.00,$16.34,$1.92,$2.12,$0.49,No,$0.00,$4.53,$11.81,72.3%,0.00,Delivered
Home Decor,Yiwu Lighting Factory,$25.14,$5.90,$3.87,$0.03,$5.80,$1.00,$25.14,$5.90,$3.87,$0.75,No,$0.00,$16.32,$8.82,35.1%,4.33,Delivered
Beauty,Ningbo Beauty Supply,$33.02,$7.35,$5.13,$0.03,$0.00,$3.00,$99.06,$22.05,$15.39,$2.97,No,$0.00,$40.41,$58.65,59.2%,0.00,Delivered
Home Decor,Yiwu Lighting Factory,$23.27,$6.47,$3.83,$0.03,$17.34,$2.00,$46.54,$12.94,$7.66,$1.40,No,$0.00,$39.34,$7.20,15.5%,2.68,Delivered
Beauty,Ningbo Beauty Supply,$33.39,$7.25,$4.27,$0.03,$10.14,$1.00,$33.39,$7.25,$4.27,$1.00,No,$0.00,$22.66,$10.73,32.1%,3.29,Delivered
Pets,Yiwu Pet Products,$21.16,$3.71,$2.35,$0.03,$6.45,$2.00,$42.32,$7.42,$4.70,$1.27,Yes,$22.63,$42.47,-$0.15,-0.4%,6.56,Refunded
Lifestyle,Shenzhen Smart Home,$32.59,$10.12,$4.48,$0.03,$5.33,$1.00,$32.59,$10.12,$4.48,$0.98,No,$0.00,$20.91,$11.68,35.8%,6.11,Delivered
Automotive,Dongguan Auto Tools,$45.74,$14.30,$6.35,$0.03,$6.72,$1.00,$45.74,$14.30,$6.35,$1.37,No,$0.00,$28.74,$17.00,37.2%,6.81,Delivered
Pets,Yiwu Pet Products,$19.16,$3.78,$2.71,$0.03,$0.00,$1.00,$19.16,$3.78,$2.71,$0.57,No,$0.00,$7.06,$12.10,63.2%,0.00,Delivered
Fitness,Hangzhou Health Gear,$36.74,$9.33,$3.65,$0.03,$16.47,$2.00,$73.48,$18.66,$7.30,$2.20,No,$0.00,$44.63,$28.85,39.3%,4.46,Delivered
Home Decor,Yiwu Lighting Factory,$24.39,$5.85,$3.26,$0.03,$12.43,$2.00,$48.78,$11.70,$6.52,$1.46,No,$0.00,$32.11,$16.67,34.2%,3.92,Delivered
Pets,Yiwu Pet Products,$20.20,$3.71,$2.86,$0.03,$6.53,$2.00,$40.40,$7.42,$5.72,$1.21,No,$0.00,$20.88,$19.52,48.3%,6.19,Delivered
Kitchen,Foshan Appliances,$50.96,$16.65,$5.78,$0.03,$20.50,$2.00,$101.92,$33.30,$11.56,$3.06,No,$0.00,$68.42,$33.50,32.9%,4.97,Delivered
Home Decor,Yiwu Lighting Factory,$25.03,$6.38,$3.21,$0.03,$4.60,$1.00,$25.03,$6.38,$3.21,$0.75,No,$0.00,$14.94,$10.09,40.3%,5.44,Delivered
Pets,Yiwu Pet Products,$18.11,$3.77,$2.39,$0.03,$5.07,$1.00,$18.11,$3.77,$2.39,$0.54,Yes,$9.68,$21.45,-$3.34,-18.4%,3.57,Refunded
Fitness,Hangzhou Health Gear,$36.37,$8.57,$3.64,$0.03,$6.33,$1.00,$36.37,$8.57,$3.64,$1.09,No,$0.00,$19.63,$16.74,46.0%,5.75,Delivered
Pets,Yiwu Pet Products,$20.21,$3.43,$2.60,$0.03,$6.97,$1.00,$20.21,$3.43,$2.60,$0.61,No,$0.00,$13.61,$6.60,32.7%,2.90,Delivered
Pets,Yiwu Pet Products,$21.18,$3.51,$2.65,$0.03,$10.73,$3.00,$63.54,$10.53,$7.95,$1.91,No,$0.00,$31.12,$32.42,51.0%,5.92,Delivered
Automotive,Dongguan Auto Tools,$49.53,$14.53,$6.87,$0.03,$6.81,$1.00,$49.53,$14.53,$6.87,$1.49,No,$0.00,$29.70,$19.83,40.0%,7.27,Delivered
Electronics,Shenzhen Print Tech,$64.89,$23.46,$6.76,$0.03,$0.00,$1.00,$64.89,$23.46,$6.76,$1.95,No,$0.00,$32.17,$32.72,50.4%,0.00,Delivered
Kitchen,Foshan Appliances,$45.18,$16.30,$6.12,$0.03,$3.48,$1.00,$45.18,$16.30,$6.12,$1.36,No,$0.00,$27.26,$17.92,39.7%,12.98,Delivered
Kitchen,Foshan Appliances,$48.11,$16.72,$5.97,$0.03,$0.00,$2.00,$96.22,$33.44,$11.94,$2.89,No,$0.00,$48.27,$47.95,49.8%,0.00,Delivered
Fitness,Hangzhou Health Gear,$33.71,$9.65,$3.97,$0.03,$19.54,$2.00,$67.42,$19.30,$7.94,$2.02,No,$0.00,$48.80,$18.62,27.6%,3.45,Delivered
Beauty,Ningbo Beauty Supply,$31.26,$7.10,$4.12,$0.03,$7.17,$1.00,$31.26,$7.10,$4.12,$0.94,No,$0.00,$19.33,$11.93,38.2%,4.36,Delivered
Electronics,Shenzhen Audio Co.,$39.49,$8.66,$3.91,$0.03,$1.39,$1.00,$39.49,$8.66,$3.91,$1.18,No,$0.00,$15.14,$24.35,61.7%,28.41,Delivered
Kitchen,Foshan Appliances,$51.05,$16.13,$6.54,$0.03,$11.51,$2.00,$102.10,$32.26,$13.08,$3.06,Yes,$62.83,$122.74,-$20.64,-20.2%,8.87,Refunded
Kitchen,Foshan Appliances,$52.34,$15.71,$6.06,$0.03,$19.94,$2.00,$104.68,$31.42,$12.12,$3.14,Yes,$84.91,$151.53,-$46.85,-44.8%,5.25,Refunded
Lifestyle,Shenzhen Smart Home,$30.45,$10.53,$4.45,$0.03,$7.54,$2.00,$60.90,$21.06,$8.90,$1.83,No,$0.00,$39.33,$21.57,35.4%,8.08,Delivered
Electronics,Shenzhen Audio Co.,$37.27,$8.18,$4.56,$0.03,$6.01,$1.00,$37.27,$8.18,$4.56,$1.12,No,$0.00,$19.87,$17.40,46.7%,6.20,Delivered
Kitchen,Foshan Appliances,$49.95,$15.96,$6.49,$0.03,$10.36,$1.00,$49.95,$15.96,$6.49,$1.50,No,$0.00,$34.31,$15.64,31.3%,4.82,Delivered
Electronics,Shenzhen Print Tech,$54.36,$22.64,$7.09,$0.03,$19.09,$2.00,$108.72,$45.28,$14.18,$3.26,No,$0.00,$81.81,$26.91,24.8%,5.70,Delivered
Lifestyle,Shenzhen Smart Home,$34.96,$9.94,$4.11,$0.03,$8.55,$1.00,$34.96,$9.94,$4.11,$1.05,No,$0.00,$23.65,$11.31,32.4%,4.09,Delivered
Home Decor,Yiwu Lighting Factory,$23.18,$6.03,$3.96,$0.03,$7.31,$1.00,$23.18,$6.03,$3.96,$0.70,Yes,$15.71,$33.71,-$10.53,-45.4%,3.17,Refunded
Pets,Yiwu Pet Products,$20.20,$3.68,$2.80,$0.03,$1.46,$1.00,$20.20,$3.68,$2.80,$0.61,No,$0.00,$8.55,$11.65,57.7%,13.84,Delivered
Pets,Yiwu Pet Products,$21.42,$3.74,$2.71,$0.03,$7.95,$1.00,$21.42,$3.74,$2.71,$0.64,No,$0.00,$15.04,$6.38,29.8%,2.69,Delivered
Pets,Yiwu Pet Products,$21.92,$3.56,$2.55,$0.03,$5.74,$1.00,$21.92,$3.56,$2.55,$0.66,No,$0.00,$12.51,$9.41,42.9%,3.82,Delivered
Pets,Yiwu Pet Products,$20.17,$3.60,$2.75,$0.03,$0.00,$1.00,$20.17,$3.60,$2.75,$0.61,No,$0.00,$6.96,$13.21,65.5%,0.00,Delivered
Home Decor,Yiwu Lighting Factory,$26.10,$6.45,$3.31,$0.03,$10.19,$1.00,$26.10,$6.45,$3.31,$0.78,No,$0.00,$20.73,$5.37,20.6%,2.56,Delivered
Fitness,Hangzhou Health Gear,$34.27,$9.04,$3.74,$0.03,$4.37,$1.00,$34.27,$9.04,$3.74,$1.03,No,$0.00,$18.18,$16.09,47.0%,7.84,Delivered
Accessories,Guangzhou Cases Ltd.,$14.05,$2.01,$2.15,$0.03,$8.44,$3.00,$42.15,$6.03,$6.45,$1.26,No,$0.00,$22.18,$19.97,47.4%,4.99,Delivered
Beauty,Ningbo Beauty Supply,$29.77,$7.29,$4.88,$0.03,$9.27,$1.00,$29.77,$7.29,$4.88,$0.89,No,$0.00,$22.33,$7.44,25.0%,3.21,Delivered
Kitchen,Foshan Appliances,$55.94,$16.27,$6.66,$0.03,$8.17,$1.00,$55.94,$16.27,$6.66,$1.68,No,$0.00,$32.78,$23.16,41.4%,6.85,Delivered
Electronics,Shenzhen Print Tech,$55.97,$22.52,$6.95,$0.03,$13.42,$2.00,$111.94,$45.04,$13.90,$3.36,No,$0.00,$75.72,$36.22,32.4%,8.34,Delivered
Fitness,Hangzhou Health Gear,$31.97,$8.75,$3.96,$0.03,$6.15,$1.00,$31.97,$8.75,$3.96,$0.96,No,$0.00,$19.82,$12.15,38.0%,5.20,Delivered
Electronics,Shenzhen Print Tech,$65.74,$23.13,$7.90,$0.03,$9.41,$1.00,$65.74,$23.13,$7.90,$1.97,No,$0.00,$42.41,$23.33,35.5%,6.99,Delivered
Electronics,Shenzhen Print Tech,$57.65,$23.49,$7.79,$0.03,$13.16,$2.00,$115.30,$46.98,$15.58,$3.46,No,$0.00,$79.18,$36.12,31.3%,8.76,Delivered
Lifestyle,Shenzhen Smart Home,$32.03,$10.07,$3.72,$0.03,$7.70,$1.00,$32.03,$10.07,$3.72,$0.96,No,$0.00,$22.45,$9.58,29.9%,4.16,Delivered
Lifestyle,Shenzhen Smart Home,$32.08,$9.97,$3.92,$0.03,$4.09,$1.00,$32.08,$9.97,$3.92,$0.96,No,$0.00,$18.94,$13.14,41.0%,7.84,Delivered
Home Decor,Yiwu Lighting Factory,$26.91,$5.77,$3.88,$0.03,$9.80,$1.00,$26.91,$5.77,$3.88,$0.81,No,$0.00,$20.26,$6.65,24.7%,2.75,Delivered
Kitchen,Foshan Appliances,$45.76,$17.04,$6.33,$0.03,$6.30,$1.00,$45.76,$17.04,$6.33,$1.37,No,$0.00,$31.04,$14.72,32.2%,7.26,Delivered
Pets,Yiwu Pet Products,$18.46,$3.65,$2.44,$0.03,$3.75,$1.00,$18.46,$3.65,$2.44,$0.55,No,$0.00,$10.39,$8.07,43.7%,4.92,Delivered
Home Decor,Yiwu Lighting Factory,$26.14,$6.00,$3.45,$0.03,$2.11,$2.00,$52.28,$12.00,$6.90,$1.57,No,$0.00,$22.58,$29.70,56.8%,24.78,Delivered
Electronics,Shenzhen Print Tech,$65.57,$20.99,$6.70,$0.03,$6.09,$1.00,$65.57,$20.99,$6.70,$1.97,No,$0.00,$35.75,$29.82,45.5%,10.77,Delivered
Accessories,Guangzhou Cases Ltd.,$15.26,$2.10,$2.09,$0.03,$17.77,$2.00,$30.52,$4.20,$4.18,$0.92,No,$0.00,$27.07,$3.45,11.3%,1.72,Delivered
Accessories,Guangzhou Cases Ltd.,$13.59,$2.15,$2.28,$0.03,$0.00,$2.00,$27.18,$4.30,$4.56,$0.82,No,$0.00,$9.68,$17.50,64.4%,0.00,Delivered
Pets,Yiwu Pet Products,$20.16,$3.67,$2.74,$0.03,$2.20,$1.00,$20.16,$3.67,$2.74,$0.60,No,$0.00,$9.21,$10.95,54.3%,9.16,Delivered
Beauty,Ningbo Beauty Supply,$31.44,$6.67,$4.50,$0.03,$6.40,$2.00,$62.88,$13.34,$9.00,$1.89,No,$0.00,$30.63,$32.25,51.3%,9.83,Delivered
Automotive,Dongguan Auto Tools,$41.30,$14.57,$5.91,$0.03,$1.32,$1.00,$41.30,$14.57,$5.91,$1.24,No,$0.00,$23.04,$18.26,44.2%,31.29,Delivered
Home Decor,Yiwu Lighting Factory,$26.07,$6.34,$3.62,$0.03,$4.26,$1.00,$26.07,$6.34,$3.62,$0.78,No,$0.00,$15.00,$11.07,42.5%,6.12,Delivered
Beauty,Ningbo Beauty Supply,$31.97,$7.00,$4.13,$0.03,$15.35,$3.00,$95.91,$21.00,$12.39,$2.88,No,$0.00,$51.62,$44.29,46.2%,6.25,Delivered
Beauty,Ningbo Beauty Supply,$33.04,$7.26,$5.09,$0.03,$7.48,$3.00,$99.12,$21.78,$15.27,$2.97,No,$0.00,$47.50,$51.62,52.1%,13.25,Delivered
Fitness,Hangzhou Health Gear,$37.53,$8.80,$4.02,$0.03,$12.54,$2.00,$75.06,$17.60,$8.04,$2.25,No,$0.00,$40.43,$34.63,46.1%,5.99,Delivered
Pets,Yiwu Pet Products,$18.32,$3.59,$2.52,$0.03,$4.15,$1.00,$18.32,$3.59,$2.52,$0.55,No,$0.00,$10.81,$7.51,41.0%,4.41,Delivered
Electronics,Shenzhen Audio Co.,$42.43,$8.53,$4.55,$0.03,$3.43,$1.00,$42.43,$8.53,$4.55,$1.27,No,$0.00,$17.78,$24.65,58.1%,12.37,Delivered
Accessories,Guangzhou Cases Ltd.,$16.68,$2.07,$2.28,$0.03,$0.00,$1.00,$16.68,$2.07,$2.28,$0.50,No,$0.00,$4.85,$11.83,70.9%,0.00,Delivered
Electronics,Shenzhen Print Tech,$64.40,$22.42,$6.60,$0.03,$17.14,$2.00,$128.80,$44.84,$13.20,$3.86,No,$0.00,$79.04,$49.76,38.6%,7.51,Delivered
Pets,Yiwu Pet Products,$18.44,$3.58,$2.58,$0.03,$11.91,$3.00,$55.32,$10.74,$7.74,$1.66,No,$0.00,$32.05,$23.27,42.1%,4.64,Delivered
Automotive,Dongguan Auto Tools,$48.51,$14.89,$7.02,$0.03,$22.81,$3.00,$145.53,$44.67,$21.06,$4.37,No,$0.00,$92.91,$52.62,36.2%,6.38,Delivered
Electronics,Shenzhen Print Tech,$57.44,$21.63,$7.98,$0.03,$14.62,$3.00,$172.32,$64.89,$23.94,$5.17,No,$0.00,$108.62,$63.70,37.0%,11.79,Delivered
Home Decor,Yiwu Lighting Factory,$27.98,$6.03,$3.33,$0.03,$9.13,$1.00,$27.98,$6.03,$3.33,$0.84,No,$0.00,$19.33,$8.65,30.9%,3.06,Delivered
Automotive,Dongguan Auto Tools,$46.89,$13.49,$7.37,$0.03,$6.20,$2.00,$93.78,$26.98,$14.74,$2.81,No,$0.00,$50.73,$43.05,45.9%,15.13,Delivered
Fitness,Hangzhou Health Gear,$34.80,$9.45,$4.36,$0.03,$2.63,$1.00,$34.80,$9.45,$4.36,$1.04,No,$0.00,$17.48,$17.32,49.8%,13.23,Delivered
Automotive,Dongguan Auto Tools,$49.25,$13.43,$7.47,$0.03,$0.00,$2.00,$98.50,$26.86,$14.94,$2.96,No,$0.00,$44.76,$53.74,54.6%,0.00,Delivered
Electronics,Shenzhen Audio Co.,$39.00,$8.58,$3.72,$0.03,$18.54,$2.00,$78.00,$17.16,$7.44,$2.34,Yes,$48.77,$94.25,-$16.25,-20.8%,4.21,Refunded
Automotive,Dongguan Auto Tools,$42.00,$15.00,$6.15,$0.03,$14.04,$2.00,$84.00,$30.00,$12.30,$2.52,No,$0.00,$58.86,$25.14,29.9%,5.98,Delivered
Automotive,Dongguan Auto Tools,$49.59,$14.68,$6.35,$0.03,$20.57,$2.00,$99.18,$29.36,$12.70,$2.98,No,$0.00,$65.61,$33.57,33.8%,4.82,Delivered
Home Decor,Yiwu Lighting Factory,$27.67,$6.27,$3.82,$0.03,$20.76,$2.00,$55.34,$12.54,$7.64,$1.66,No,$0.00,$42.60,$12.74,23.0%,2.67,Delivered
Electronics,Shenzhen Audio Co.,$43.15,$8.99,$4.25,$0.03,$5.04,$2.00,$86.30,$17.98,$8.50,$2.59,No,$0.00,$34.11,$52.19,60.5%,17.12,Delivered
Kitchen,Foshan Appliances,$54.76,$15.60,$6.80,$0.03,$12.72,$2.00,$109.52,$31.20,$13.60,$3.29,No,$0.00,$60.81,$48.71,44.5%,8.61,Delivered
Home Decor,Yiwu Lighting Factory,$26.34,$6.22,$3.46,$0.03,$7.78,$2.00,$52.68,$12.44,$6.92,$1.58,No,$0.00,$28.72,$23.96,45.5%,6.77,Delivered
Accessories,Guangzhou Cases Ltd.,$16.52,$2.09,$2.06,$0.03,$7.93,$3.00,$49.56,$6.27,$6.18,$1.49,No,$0.00,$21.87,$27.69,55.9%,6.25,Delivered
Lifestyle,Shenzhen Smart Home,$29.92,$10.79,$3.97,$0.03,$4.96,$1.00,$29.92,$10.79,$3.97,$0.90,No,$0.00,$20.62,$9.30,31.1%,6.03,Delivered
Lifestyle,Shenzhen Smart Home,$31.18,$9.82,$3.68,$0.03,$0.00,$1.00,$31.18,$9.82,$3.68,$0.94,No,$0.00,$14.44,$16.74,53.7%,0.00,Delivered
Fitness,Hangzhou Health Gear,$34.78,$8.89,$4.35,$0.03,$1.76,$1.00,$34.78,$8.89,$4.35,$1.04,No,$0.00,$16.04,$18.74,53.9%,19.76,Delivered
Beauty,Ningbo Beauty Supply,$29.27,$6.92,$5.00,$0.03,$13.55,$3.00,$87.81,$20.76,$15.00,$2.63,No,$0.00,$51.94,$35.87,40.8%,6.48,Delivered
Automotive,Dongguan Auto Tools,$44.55,$14.85,$6.53,$0.03,$25.47,$3.00,$133.65,$44.55,$19.59,$4.01,No,$0.00,$93.62,$40.03,30.0%,5.25,Delivered
Electronics,Shenzhen Print Tech,$64.73,$23.25,$7.52,$0.03,$5.70,$1.00,$64.73,$23.25,$7.52,$1.94,No,$0.00,$38.41,$26.32,40.7%,11.36,Delivered
Beauty,Ningbo Beauty Supply,$27.58,$7.00,$4.42,$0.03,$22.58,$3.00,$82.74,$21.00,$13.26,$2.48,No,$0.00,$59.32,$23.42,28.3%,3.66,Delivered
Fitness,Hangzhou Health Gear,$31.75,$9.61,$3.74,$0.03,$4.88,$1.00,$31.75,$9.61,$3.74,$0.95,No,$0.00,$19.18,$12.57,39.6%,6.51,Delivered
Lifestyle,Shenzhen Smart Home,$34.09,$10.59,$3.88,$0.03,$15.15,$2.00,$68.18,$21.18,$7.76,$2.05,No,$0.00,$46.14,$22.04,32.3%,4.50,Delivered
Accessories,Guangzhou Cases Ltd.,$14.19,$2.10,$1.84,$0.03,$4.38,$2.00,$28.38,$4.20,$3.68,$0.85,No,$0.00,$13.11,$15.27,53.8%,6.48,Delivered
Fitness,Hangzhou Health Gear,$34.48,$9.44,$3.91,$0.03,$5.67,$1.00,$34.48,$9.44,$3.91,$1.03,No,$0.00,$20.05,$14.43,41.9%,6.08,Delivered
Pets,Yiwu Pet Products,$19.11,$3.56,$2.41,$0.03,$0.00,$2.00,$38.22,$7.12,$4.82,$1.15,No,$0.00,$13.09,$25.13,65.8%,0.00,Delivered
Accessories,Guangzhou Cases Ltd.,$16.12,$1.99,$2.23,$0.03,$8.00,$1.00,$16.12,$1.99,$2.23,$0.48,No,$0.00,$12.70,$3.42,21.2%,2.02,Delivered
Automotive,Dongguan Auto Tools,$46.75,$14.25,$7.27,$0.03,$14.75,$3.00,$140.25,$42.75,$21.81,$4.21,No,$0.00,$83.52,$56.73,40.4%,9.51,Delivered
Accessories,Guangzhou Cases Ltd.,$15.08,$2.10,$2.18,$0.03,$2.91,$1.00,$15.08,$2.10,$2.18,$0.45,No,$0.00,$7.64,$7.44,49.3%,5.18,Delivered
Electronics,Shenzhen Print Tech,$66.57,$22.75,$7.57,$0.03,$9.93,$2.00,$133.14,$45.50,$15.14,$3.99,No,$0.00,$74.56,$58.58,44.0%,13.41,Delivered
Fitness,Hangzhou Health Gear,$37.69,$8.65,$4.04,$0.03,$9.37,$1.00,$37.69,$8.65,$4.04,$1.13,No,$0.00,$23.19,$14.50,38.5%,4.02,Delivered
Fitness,Hangzhou Health Gear,$35.31,$9.02,$3.89,$0.03,$8.50,$3.00,$105.93,$27.06,$11.67,$3.18,No,$0.00,$50.41,$55.52,52.4%,12.46,Delivered
Automotive,Dongguan Auto Tools,$50.03,$13.96,$6.49,$0.03,$6.15,$1.00,$50.03,$13.96,$6.49,$1.50,No,$0.00,$28.10,$21.93,43.8%,8.13,Delivered
Automotive,Dongguan Auto Tools,$47.03,$15.02,$6.13,$0.03,$2.67,$1.00,$47.03,$15.02,$6.13,$1.41,No,$0.00,$25.23,$21.80,46.4%,17.61,Delivered
Accessories,Guangzhou Cases Ltd.,$16.40,$2.12,$1.94,$0.03,$19.50,$2.00,$32.80,$4.24,$3.88,$0.98,No,$0.00,$28.60,$4.20,12.8%,1.68,Delivered
Kitchen,Foshan Appliances,$48.53,$15.84,$6.67,$0.03,$0.00,$1.00,$48.53,$15.84,$6.67,$1.46,No,$0.00,$23.97,$24.56,50.6%,0.00,Delivered
Pets,Yiwu Pet Products,$21.97,$3.75,$2.33,$0.03,$1.32,$1.00,$21.97,$3.75,$2.33,$0.66,No,$0.00,$8.06,$13.91,63.3%,16.64,Delivered
Electronics,Shenzhen Audio Co.,$36.72,$8.71,$4.51,$0.03,$9.99,$2.00,$73.44,$17.42,$9.02,$2.20,No,$0.00,$38.63,$34.81,47.4%,7.35,Delivered
Lifestyle,Shenzhen Smart Home,$30.92,$10.64,$4.05,$0.03,$18.18,$2.00,$61.84,$21.28,$8.10,$1.86,No,$0.00,$49.42,$12.42,20.1%,3.40,Delivered
Lifestyle,Shenzhen Smart Home,$32.56,$10.49,$3.68,$0.03,$8.22,$1.00,$32.56,$10.49,$3.68,$0.98,No,$0.00,$23.37,$9.19,28.2%,3.96,Delivered
Home Decor,Yiwu Lighting Factory,$24.97,$5.79,$3.50,$0.03,$20.49,$3.00,$74.91,$17.37,$10.50,$2.25,No,$0.00,$50.61,$24.30,32.4%,3.66,Delivered
Automotive,Dongguan Auto Tools,$47.52,$13.77,$6.11,$0.03,$0.00,$2.00,$95.04,$27.54,$12.22,$2.85,No,$0.00,$42.61,$52.43,55.2%,0.00,Delivered
Pets,Yiwu Pet Products,$19.59,$3.74,$2.70,$0.03,$9.98,$1.00,$19.59,$3.74,$2.70,$0.59,No,$0.00,$17.01,$2.58,13.2%,1.96,Delivered
Lifestyle,Shenzhen Smart Home,$31.04,$9.92,$4.27,$0.03,$10.27,$1.00,$31.04,$9.92,$4.27,$0.93,No,$0.00,$25.39,$5.65,18.2%,3.02,Delivered
Electronics,Shenzhen Print Tech,$63.99,$22.69,$7.52,$0.03,$4.93,$2.00,$127.98,$45.38,$15.04,$3.84,No,$0.00,$69.19,$58.79,45.9%,25.96,Delivered
Fitness,Hangzhou Health Gear,$37.29,$8.73,$4.22,$0.03,$15.00,$2.00,$74.58,$17.46,$8.44,$2.24,No,$0.00,$43.14,$31.44,42.2%,4.97,Delivered
Automotive,Dongguan Auto Tools,$43.42,$13.80,$6.43,$0.03,$4.89,$1.00,$43.42,$13.80,$6.43,$1.30,No,$0.00,$26.42,$17.00,39.2%,8.88,Delivered
Lifestyle,Shenzhen Smart Home,$34.43,$9.64,$4.38,$0.03,$1.48,$1.00,$0.00,$0.00,$0.00,$0.00,No,$0.00,$0.00,-$1.48,0.0%,0.00,Cancelled
Accessories,Guangzhou Cases Ltd.,$14.16,$1.91,$1.83,$0.03,$0.00,$2.00,$28.32,$3.82,$3.66,$0.85,No,$0.00,$8.33,$19.99,70.6%,0.00,Delivered
Accessories,Guangzhou Cases Ltd.,$14.29,$1.95,$2.27,$0.03,$7.31,$2.00,$28.58,$3.90,$4.54,$0.86,No,$0.00,$16.61,$11.97,41.9%,3.91,Delivered
Kitchen,Foshan Appliances,$51.71,$17.07,$6.10,$0.03,$5.52,$2.00,$103.42,$34.14,$12.20,$3.10,No,$0.00,$54.96,$48.46,46.9%,18.74,Delivered
Kitchen,Foshan Appliances,$46.83,$15.27,$5.87,$0.03,$11.98,$3.00,$140.49,$45.81,$17.61,$4.21,No,$0.00,$79.61,$60.88,43.3%,11.73,Delivered
Lifestyle,Shenzhen Smart Home,$30.88,$9.78,$3.72,$0.03,$10.36,$1.00,$30.88,$9.78,$3.72,$0.93,No,$0.00,$24.79,$6.09,19.7%,2.98,Delivered
Automotive,Dongguan Auto Tools,$46.16,$13.94,$6.97,$0.03,$3.14,$1.00,$46.16,$13.94,$6.97,$1.38,No,$0.00,$25.43,$20.73,44.9%,14.70,Delivered
Electronics,Shenzhen Audio Co.,$36.59,$8.82,$4.42,$0.03,$10.45,$3.00,$109.77,$26.46,$13.26,$3.29,No,$0.00,$53.46,$56.31,51.3%,10.50,Delivered
Lifestyle,Shenzhen Smart Home,$34.22,$9.57,$3.77,$0.03,$0.00,$2.00,$68.44,$19.14,$7.54,$2.05,No,$0.00,$28.73,$39.71,58.0%,0.00,Delivered
Beauty,Ningbo Beauty Supply,$33.19,$7.18,$4.57,$0.03,$8.72,$1.00,$33.19,$7.18,$4.57,$1.00,No,$0.00,$21.47,$11.72,35.3%,3.81,Delivered
Kitchen,Foshan Appliances,$48.91,$15.24,$5.78,$0.03,$4.68,$2.00,$97.82,$30.48,$11.56,$2.93,No,$0.00,$49.65,$48.17,49.2%,20.90,Delivered
Accessories,Guangzhou Cases Ltd.,$16.16,$1.92,$2.01,$0.03,$7.23,$1.00,$16.16,$1.92,$2.01,$0.48,No,$0.00,$11.64,$4.52,28.0%,2.24,Delivered
Electronics,Shenzhen Print Tech,$61.04,$22.85,$6.98,$0.03,$8.90,$3.00,$183.12,$68.55,$20.94,$5.49,No,$0.00,$103.88,$79.24,43.3%,20.58,Delivered
Pets,Yiwu Pet Products,$19.12,$3.41,$2.28,$0.03,$9.56,$2.00,$38.24,$6.82,$4.56,$1.15,No,$0.00,$22.09,$16.15,42.2%,4.00,Delivered
Automotive,Dongguan Auto Tools,$48.35,$15.06,$7.46,$0.03,$0.00,$3.00,$145.05,$45.18,$22.38,$4.35,No,$0.00,$71.91,$73.14,50.4%,0.00,Delivered
Automotive,Dongguan Auto Tools,$42.68,$13.90,$6.11,$0.03,$18.77,$2.00,$85.36,$27.80,$12.22,$2.56,No,$0.00,$61.35,$24.01,28.1%,4.55,Delivered
Lifestyle,Shenzhen Smart Home,$33.95,$10.23,$4.47,$0.03,$0.00,$1.00,$33.95,$10.23,$4.47,$1.02,No,$0.00,$15.72,$18.23,53.7%,0.00,Delivered
Home Decor,Yiwu Lighting Factory,$27.65,$6.42,$3.74,$0.03,$4.27,$1.00,$27.65,$6.42,$3.74,$0.83,No,$0.00,$15.26,$12.39,44.8%,6.48,Delivered
Accessories,Guangzhou Cases Ltd.,$15.71,$1.98,$2.09,$0.03,$10.30,$2.00,$31.42,$3.96,$4.18,$0.94,No,$0.00,$19.38,$12.04,38.3%,3.05,Delivered
Beauty,Ningbo Beauty Supply,$32.61,$6.98,$4.99,$0.03,$4.48,$2.00,$65.22,$13.96,$9.98,$1.96,No,$0.00,$30.38,$34.84,53.4%,14.56,Delivered
Accessories,Guangzhou Cases Ltd.,$14.32,$1.94,$1.97,$0.03,$10.06,$2.00,$28.64,$3.88,$3.94,$0.86,No,$0.00,$18.74,$9.90,34.6%,2.85,Delivered
Home Decor,Yiwu Lighting Factory,$24.19,$6.39,$4.00,$0.03,$17.36,$2.00,$48.38,$12.78,$8.00,$1.45,Yes,$25.25,$64.84,-$16.46,-34.0%,2.79,Refunded
Electronics,Shenzhen Print Tech,$65.36,$21.03,$7.10,$0.03,$16.17,$2.00,$130.72,$42.06,$14.20,$3.92,No,$0.00,$76.35,$54.37,41.6%,8.08,Delivered
Electronics,Shenzhen Print Tech,$55.57,$22.16,$7.63,$0.03,$7.65,$2.00,$111.14,$44.32,$15.26,$3.33,No,$0.00,$70.56,$40.58,36.5%,14.53,Delivered
Kitchen,Foshan Appliances,$46.68,$17.26,$6.21,$0.03,$19.11,$2.00,$93.36,$34.52,$12.42,$2.80,No,$0.00,$68.85,$24.51,26.3%,4.89,Delivered
Automotive,Dongguan Auto Tools,$42.67,$13.96,$6.05,$0.03,$3.95,$1.00,$42.67,$13.96,$6.05,$1.28,No,$0.00,$25.24,$17.43,40.8%,10.80,Delivered
Fitness,Hangzhou Health Gear,$37.81,$9.49,$3.87,$0.03,$13.56,$2.00,$75.62,$18.98,$7.74,$2.27,No,$0.00,$42.55,$33.07,43.7%,5.58,Delivered
Electronics,Shenzhen Audio Co.,$43.69,$9.05,$4.04,$0.03,$6.67,$1.00,$43.69,$9.05,$4.04,$1.31,No,$0.00,$21.07,$22.62,51.8%,6.55,Delivered
Electronics,Shenzhen Print Tech,$57.55,$20.93,$6.74,$0.03,$12.35,$3.00,$172.65,$62.79,$20.22,$5.18,No,$0.00,$100.54,$72.11,41.8%,13.98,Delivered
Pets,Yiwu Pet Products,$20.66,$3.42,$2.63,$0.03,$10.65,$2.00,$41.32,$6.84,$5.26,$1.24,No,$0.00,$23.99,$17.33,41.9%,3.88,Delivered
Accessories,Guangzhou Cases Ltd.,$15.90,$1.97,$1.98,$0.03,$0.00,$3.00,$47.70,$5.91,$5.94,$1.43,No,$0.00,$13.28,$34.42,72.2%,0.00,Delivered
Automotive,Dongguan Auto Tools,$48.73,$13.96,$6.11,$0.03,$3.24,$1.00,$48.73,$13.96,$6.11,$1.46,No,$0.00,$24.77,$23.96,49.2%,15.04,Delivered
Electronics,Shenzhen Print Tech,$58.78,$22.54,$7.08,$0.03,$11.28,$2.00,$117.56,$45.08,$14.16,$3.53,No,$0.00,$74.05,$43.51,37.0%,10.42,Delivered
Lifestyle,Shenzhen Smart Home,$33.28,$9.53,$3.81,$0.03,$0.00,$2.00,$66.56,$19.06,$7.62,$2.00,No,$0.00,$28.68,$37.88,56.9%,0.00,Delivered
Home Decor,Yiwu Lighting Factory,$26.26,$6.34,$3.49,$0.03,$0.00,$2.00,$52.52,$12.68,$6.98,$1.58,No,$0.00,$21.24,$31.28,59.6%,0.00,Delivered
Lifestyle,Shenzhen Smart Home,$31.74,$10.60,$4.45,$0.03,$8.84,$1.00,$31.74,$10.60,$4.45,$0.95,No,$0.00,$24.84,$6.90,21.7%,3.59,Delivered
Electronics,Shenzhen Audio Co.,$36.40,$9.15,$4.45,$0.03,$8.12,$1.00,$36.40,$9.15,$4.45,$1.09,No,$0.00,$22.81,$13.59,37.3%,4.48,Delivered
Electronics,Shenzhen Print Tech,$66.87,$23.66,$6.52,$0.03,$9.97,$1.00,$66.87,$23.66,$6.52,$2.01,Yes,$46.83,$88.99,-$22.12,-33.1%,6.71,Refunded
Accessories,Guangzhou Cases Ltd.,$15.99,$2.04,$2.21,$0.03,$4.33,$1.00,$15.99,$2.04,$2.21,$0.48,No,$0.00,$9.06,$6.93,43.3%,3.69,Delivered
Electronics,Shenzhen Audio Co.,$39.09,$8.46,$4.23,$0.03,$17.26,$3.00,$117.27,$25.38,$12.69,$3.52,Yes,$105.35,$164.20,-$46.93,-40.0%,6.79,Refunded
Electronics,Shenzhen Print Tech,$65.69,$23.16,$7.57,$0.03,$10.75,$2.00,$131.38,$46.32,$15.14,$3.94,No,$0.00,$76.15,$55.23,42.0%,12.22,Delivered
Fitness,Hangzhou Health Gear,$34.84,$9.22,$3.65,$0.03,$5.16,$1.00,$34.84,$9.22,$3.65,$1.05,No,$0.00,$19.08,$15.76,45.2%,6.75,Delivered
Electronics,Shenzhen Audio Co.,$37.55,$9.15,$4.41,$0.03,$15.14,$2.00,$75.10,$18.30,$8.82,$2.25,No,$0.00,$44.51,$30.59,40.7%,4.96,Delivered
Beauty,Ningbo Beauty Supply,$32.24,$7.36,$4.95,$0.03,$15.24,$3.00,$96.72,$22.08,$14.85,$2.90,No,$0.00,$55.07,$41.65,43.1%,6.35,Delivered
Electronics,Shenzhen Print Tech,$64.38,$23.32,$6.94,$0.03,$8.89,$1.00,$64.38,$23.32,$6.94,$1.93,Yes,$45.55,$86.63,-$22.25,-34.6%,7.24,Refunded
Pets,Yiwu Pet Products,$20.24,$3.57,$2.27,$0.03,$10.04,$1.00,$0.00,$0.00,$0.00,$0.00,No,$0.00,$0.00,-$10.04,0.0%,0.00,Cancelled
Electronics,Shenzhen Print Tech,$56.66,$22.76,$7.79,$0.03,$10.41,$1.00,$56.66,$22.76,$7.79,$1.70,No,$0.00,$42.66,$14.00,24.7%,5.44,Delivered
Automotive,Dongguan Auto Tools,$41.87,$13.50,$6.47,$0.03,$8.25,$1.00,$41.87,$13.50,$6.47,$1.26,No,$0.00,$29.48,$12.39,29.6%,5.08,Delivered
Pets,Yiwu Pet Products,$18.03,$3.72,$2.57,$0.03,$0.00,$2.00,$36.06,$7.44,$5.14,$1.08,No,$0.00,$13.66,$22.40,62.1%,0.00,Delivered
Automotive,Dongguan Auto Tools,$43.33,$13.45,$7.03,$0.03,$3.05,$1.00,$43.33,$13.45,$7.03,$1.30,No,$0.00,$24.83,$18.50,42.7%,14.21,Delivered
Fitness,Hangzhou Health Gear,$37.71,$9.00,$4.34,$0.03,$11.61,$2.00,$75.42,$18.00,$8.68,$2.26,No,$0.00,$40.55,$34.87,46.2%,6.50,Delivered
Electronics,Shenzhen Audio Co.,$39.62,$8.52,$4.56,$0.03,$16.47,$3.00,$118.86,$25.56,$13.68,$3.57,No,$0.00,$59.28,$59.58,50.1%,7.22,Delivered
Home Decor,Yiwu Lighting Factory,$26.13,$6.19,$3.70,$0.03,$0.00,$1.00,$26.13,$6.19,$3.70,$0.78,No,$0.00,$10.67,$15.46,59.2%,0.00,Delivered
Fitness,Hangzhou Health Gear,$37.35,$8.71,$4.18,$0.03,$4.75,$1.00,$37.35,$8.71,$4.18,$1.12,No,$0.00,$18.76,$18.59,49.8%,7.86,Delivered
Automotive,Dongguan Auto Tools,$44.96,$14.01,$6.57,$0.03,$8.68,$1.00,$44.96,$14.01,$6.57,$1.35,No,$0.00,$30.61,$14.35,31.9%,5.18,Delivered
Accessories,Guangzhou Cases Ltd.,$14.63,$2.14,$2.00,$0.03,$20.73,$3.00,$43.89,$6.42,$6.00,$1.32,No,$0.00,$34.47,$9.42,21.5%,2.12,Delivered
Electronics,Shenzhen Audio Co.,$42.02,$8.92,$3.78,$0.03,$7.58,$1.00,$42.02,$8.92,$3.78,$1.26,No,$0.00,$21.54,$20.48,48.7%,5.54,Delivered
Beauty,Ningbo Beauty Supply,$31.24,$7.33,$5.10,$0.03,$7.39,$1.00,$31.24,$7.33,$5.10,$0.94,No,$0.00,$20.76,$10.48,33.5%,4.23,Delivered
Accessories,Guangzhou Cases Ltd.,$16.44,$2.01,$1.94,$0.03,$6.84,$1.00,$16.44,$2.01,$1.94,$0.49,No,$0.00,$11.28,$5.16,31.4%,2.40,Delivered
Electronics,Shenzhen Audio Co.,$37.69,$9.07,$4.19,$0.03,$15.21,$2.00,$75.38,$18.14,$8.38,$2.26,No,$0.00,$43.99,$31.39,41.6%,4.96,Delivered
Pets,Yiwu Pet Products,$20.83,$3.47,$2.45,$0.03,$0.00,$1.00,$20.83,$3.47,$2.45,$0.62,No,$0.00,$6.54,$14.29,68.6%,0.00,Delivered
Accessories,Guangzhou Cases Ltd.,$14.90,$2.06,$2.26,$0.03,$7.78,$1.00,$14.90,$2.06,$2.26,$0.45,No,$0.00,$12.55,$2.35,15.8%,1.92,Delivered
Automotive,Dongguan Auto Tools,$43.20,$13.97,$6.67,$0.03,$26.99,$3.00,$0.00,$0.00,$0.00,$0.00,No,$0.00,$0.00,-$26.99,0.0%,0.00,Cancelled
Fitness,Hangzhou Health Gear,$36.36,$9.56,$4.03,$0.03,$6.21,$1.00,$36.36,$9.56,$4.03,$1.09,No,$0.00,$20.89,$15.47,42.5%,5.86,Delivered
Accessories,Guangzhou Cases Ltd.,$14.64,$2.15,$2.02,$0.03,$14.94,$2.00,$29.28,$4.30,$4.04,$0.88,No,$0.00,$24.16,$5.12,17.5%,1.96,Delivered
Accessories,Guangzhou Cases Ltd.,$16.51,$2.04,$1.91,$0.03,$15.86,$2.00,$33.02,$4.08,$3.82,$0.99,No,$0.00,$24.75,$8.27,25.0%,2.08,Delivered
Lifestyle,Shenzhen Smart Home,$34.51,$9.61,$3.96,$0.03,$5.66,$3.00,$103.53,$28.83,$11.88,$3.11,No,$0.00,$49.48,$54.05,52.2%,18.29,Delivered
Automotive,Dongguan Auto Tools,$47.42,$14.72,$7.05,$0.03,$14.50,$2.00,$94.84,$29.44,$14.10,$2.85,No,$0.00,$60.89,$33.95,35.8%,6.54,Delivered
Lifestyle,Shenzhen Smart Home,$35.11,$9.60,$4.55,$0.03,$13.93,$3.00,$105.33,$28.80,$13.65,$3.16,No,$0.00,$59.54,$45.79,43.5%,7.56,Delivered
Kitchen,Foshan Appliances,$48.91,$16.86,$6.54,$0.03,$3.53,$1.00,$48.91,$16.86,$6.54,$1.47,No,$0.00,$28.40,$20.51,41.9%,13.86,Delivered
Home Decor,Yiwu Lighting Factory,$23.60,$6.41,$3.49,$0.03,$6.18,$1.00,$23.60,$6.41,$3.49,$0.71,Yes,$16.94,$33.73,-$10.13,-42.9%,3.82,Refunded
Electronics,Shenzhen Print Tech,$59.37,$22.55,$6.45,$0.03,$5.25,$1.00,$59.37,$22.55,$6.45,$1.78,No,$0.00,$36.03,$23.34,39.3%,11.31,Delivered
Pets,Yiwu Pet Products,$21.89,$3.69,$2.74,$0.03,$2.21,$1.00,$21.89,$3.69,$2.74,$0.66,No,$0.00,$9.30,$12.59,57.5%,9.90,Delivered
Accessories,Guangzhou Cases Ltd.,$13.49,$2.02,$2.01,$0.03,$6.86,$2.00,$26.98,$4.04,$4.02,$0.81,No,$0.00,$15.73,$11.25,41.7%,3.93,Delivered
Home Decor,Yiwu Lighting Factory,$27.85,$5.80,$3.76,$0.03,$6.25,$1.00,$27.85,$5.80,$3.76,$0.84,No,$0.00,$16.65,$11.20,40.2%,4.46,Delivered
Kitchen,Foshan Appliances,$54.27,$16.37,$5.64,$0.03,$6.77,$1.00,$54.27,$16.37,$5.64,$1.63,No,$0.00,$30.41,$23.86,44.0%,8.02,Delivered
Lifestyle,Shenzhen Smart Home,$35.47,$9.75,$4.32,$0.03,$21.19,$3.00,$106.41,$29.25,$12.96,$3.19,No,$0.00,$66.59,$39.82,37.4%,5.02,Delivered
Kitchen,Foshan Appliances,$54.78,$15.40,$5.62,$0.03,$6.27,$1.00,$54.78,$15.40,$5.62,$1.64,No,$0.00,$28.93,$25.85,47.2%,8.74,Delivered
Kitchen,Foshan Appliances,$51.92,$16.33,$6.21,$0.03,$14.94,$2.00,$103.84,$32.66,$12.42,$3.12,No,$0.00,$63.14,$40.70,39.2%,6.95,Delivered
Home Decor,Yiwu Lighting Factory,$25.93,$5.75,$3.77,$0.03,$5.08,$1.00,$25.93,$5.75,$3.77,$0.78,No,$0.00,$15.38,$10.55,40.7%,5.10,Delivered
Electronics,Shenzhen Audio Co.,$40.53,$8.36,$3.78,$0.03,$4.65,$1.00,$40.53,$8.36,$3.78,$1.22,Yes,$32.78,$50.79,-$10.26,-25.3%,8.72,Refunded
Electronics,Shenzhen Audio Co.,$39.75,$8.64,$4.31,$0.03,$14.04,$2.00,$79.50,$17.28,$8.62,$2.39,No,$0.00,$42.33,$37.17,46.8%,5.66,Delivered
Electronics,Shenzhen Print Tech,$63.64,$21.30,$7.99,$0.03,$1.03,$1.00,$63.64,$21.30,$7.99,$1.91,No,$0.00,$32.23,$31.41,49.4%,61.79,Delivered
Accessories,Guangzhou Cases Ltd.,$13.65,$1.92,$1.99,$0.03,$7.38,$1.00,$13.65,$1.92,$1.99,$0.41,No,$0.00,$11.70,$1.95,14.3%,1.85,Delivered
Pets,Yiwu Pet Products,$19.09,$3.69,$2.44,$0.03,$18.17,$2.00,$38.18,$7.38,$4.88,$1.15,No,$0.00,$31.58,$6.60,17.3%,2.10,Delivered
Lifestyle,Shenzhen Smart Home,$36.67,$9.54,$4.49,$0.03,$0.00,$3.00,$110.01,$28.62,$13.47,$3.30,No,$0.00,$45.39,$64.62,58.7%,0.00,Delivered
Beauty,Ningbo Beauty Supply,$28.35,$7.19,$4.60,$0.03,$18.08,$2.00,$56.70,$14.38,$9.20,$1.70,No,$0.00,$43.36,$13.34,23.5%,3.14,Delivered
Electronics,Shenzhen Print Tech,$66.40,$22.96,$7.46,$0.03,$9.00,$1.00,$66.40,$22.96,$7.46,$1.99,No,$0.00,$41.41,$24.99,37.6%,7.38,Delivered
Pets,Yiwu Pet Products,$20.88,$3.49,$2.84,$0.03,$19.99,$2.00,$41.76,$6.98,$5.68,$1.25,No,$0.00,$33.90,$7.86,18.8%,2.09,Delivered
Fitness,Hangzhou Health Gear,$33.22,$9.69,$4.50,$0.03,$5.26,$1.00,$33.22,$9.69,$4.50,$1.00,No,$0.00,$20.45,$12.77,38.4%,6.32,Delivered
Electronics,Shenzhen Print Tech,$58.84,$22.99,$6.31,$0.03,$0.00,$2.00,$0.00,$0.00,$0.00,$0.00,No,$0.00,$0.00,$0.00,0.0%,0.00,Cancelled
Pets,Yiwu Pet Products,$18.70,$3.57,$2.72,$0.03,$5.43,$1.00,$18.70,$3.57,$2.72,$0.56,No,$0.00,$12.28,$6.42,34.3%,3.44,Delivered
Pets,Yiwu Pet Products,$20.26,$3.64,$2.77,$0.03,$13.93,$2.00,$40.52,$7.28,$5.54,$1.22,No,$0.00,$27.97,$12.55,31.0%,2.91,Delivered
Electronics,Shenzhen Audio Co.,$42.37,$8.15,$4.21,$0.03,$19.88,$2.00,$84.74,$16.30,$8.42,$2.54,No,$0.00,$47.14,$37.60,44.4%,4.26,Delivered
Pets,Yiwu Pet Products,$18.99,$3.46,$2.26,$0.03,$8.99,$1.00,$18.99,$3.46,$2.26,$0.57,No,$0.00,$15.28,$3.71,19.5%,2.11,Delivered
Electronics,Shenzhen Audio Co.,$37.69,$8.90,$4.07,$0.03,$3.79,$1.00,$37.69,$8.90,$4.07,$1.13,No,$0.00,$17.89,$19.80,52.5%,9.94,Delivered
Accessories,Guangzhou Cases Ltd.,$16.33,$1.94,$2.11,$0.03,$8.72,$1.00,$16.33,$1.94,$2.11,$0.49,No,$0.00,$13.26,$3.07,18.8%,1.87,Delivered
Home Decor,Yiwu Lighting Factory,$27.34,$5.90,$3.94,$0.03,$7.77,$1.00,$27.34,$5.90,$3.94,$0.82,No,$0.00,$18.43,$8.91,32.6%,3.52,Delivered
Kitchen,Foshan Appliances,$52.38,$16.71,$6.62,$0.03,$5.66,$1.00,$52.38,$16.71,$6.62,$1.57,No,$0.00,$30.56,$21.82,41.7%,9.25,Delivered
Electronics,Shenzhen Audio Co.,$36.81,$8.20,$4.05,$0.03,$10.43,$1.00,$36.81,$8.20,$4.05,$1.10,No,$0.00,$23.78,$13.03,35.4%,3.53,Delivered
Automotive,Dongguan Auto Tools,$40.84,$13.90,$7.28,$0.03,$0.00,$3.00,$122.52,$41.70,$21.84,$3.68,No,$0.00,$67.22,$55.30,45.1%,0.00,Delivered
Kitchen,Foshan Appliances,$54.48,$17.14,$6.16,$0.03,$6.11,$1.00,$54.48,$17.14,$6.16,$1.63,No,$0.00,$31.04,$23.44,43.0%,8.92,Delivered
Pets,Yiwu Pet Products,$18.30,$3.37,$2.84,$0.03,$7.66,$1.00,$18.30,$3.37,$2.84,$0.55,No,$0.00,$14.42,$3.88,21.2%,2.39,Delivered
Electronics,Shenzhen Print Tech,$65.16,$22.87,$7.70,$0.03,$9.60,$1.00,$65.16,$22.87,$7.70,$1.95,No,$0.00,$42.12,$23.04,35.4%,6.79,Delivered
Accessories,Guangzhou Cases Ltd.,$16.37,$1.97,$1.94,$0.03,$6.64,$1.00,$16.37,$1.97,$1.94,$0.49,No,$0.00,$11.04,$5.33,32.6%,2.47,Delivered
Fitness,Hangzhou Health Gear,$31.53,$9.42,$3.83,$0.03,$3.72,$1.00,$31.53,$9.42,$3.83,$0.95,No,$0.00,$17.92,$13.61,43.2%,8.48,Delivered
Pets,Yiwu Pet Products,$20.61,$3.52,$2.27,$0.03,$3.38,$1.00,$20.61,$3.52,$2.27,$0.62,No,$0.00,$9.79,$10.82,52.5%,6.10,Delivered
Lifestyle,Shenzhen Smart Home,$36.88,$10.32,$3.82,$0.03,$8.80,$1.00,$36.88,$10.32,$3.82,$1.11,Yes,$21.52,$45.57,-$8.69,-23.6%,4.19,Refunded
Kitchen,Foshan Appliances,$46.93,$15.82,$5.58,$0.03,$3.01,$3.00,$140.79,$47.46,$16.74,$4.22,No,$0.00,$71.43,$69.36,49.3%,46.77,Delivered
Electronics,Shenzhen Print Tech,$64.68,$23.18,$6.51,$0.03,$24.80,$3.00,$194.04,$69.54,$19.53,$5.82,No,$0.00,$119.69,$74.35,38.3%,7.82,Delivered
Electronics,Shenzhen Audio Co.,$37.74,$8.81,$4.31,$0.03,$17.49,$2.00,$75.48,$17.62,$8.62,$2.26,No,$0.00,$45.99,$29.49,39.1%,4.32,Delivered
Home Decor,Yiwu Lighting Factory,$25.91,$5.90,$3.77,$0.03,$7.43,$2.00,$51.82,$11.80,$7.54,$1.55,No,$0.00,$28.32,$23.50,45.3%,6.97,Delivered
Lifestyle,Shenzhen Smart Home,$33.95,$10.78,$3.86,$0.03,$4.20,$1.00,$33.95,$10.78,$3.86,$1.02,No,$0.00,$19.86,$14.09,41.5%,8.08,Delivered
Beauty,Ningbo Beauty Supply,$31.08,$7.33,$4.66,$0.03,$26.99,$3.00,$93.24,$21.99,$13.98,$2.80,No,$0.00,$65.76,$27.48,29.5%,3.45,Delivered
Beauty,Ningbo Beauty Supply,$29.04,$7.20,$4.72,$0.03,$6.48,$1.00,$29.04,$7.20,$4.72,$0.87,No,$0.00,$19.27,$9.77,33.6%,4.48,Delivered
Automotive,Dongguan Auto Tools,$47.62,$14.84,$6.87,$0.03,$9.42,$1.00,$47.62,$14.84,$6.87,$1.43,No,$0.00,$32.56,$15.06,31.6%,5.06,Delivered
Electronics,Shenzhen Audio Co.,$44.22,$8.43,$4.24,$0.03,$25.02,$3.00,$132.66,$25.29,$12.72,$3.98,No,$0.00,$67.01,$65.65,49.5%,5.30,Delivered
Pets,Yiwu Pet Products,$21.74,$3.76,$2.52,$0.03,$5.93,$2.00,$43.48,$7.52,$5.04,$1.30,No,$0.00,$19.79,$23.69,54.5%,7.33,Delivered
Automotive,Dongguan Auto Tools,$43.99,$13.37,$7.44,$0.03,$8.45,$1.00,$43.99,$13.37,$7.44,$1.32,No,$0.00,$30.58,$13.41,30.5%,5.21,Delivered
Accessories,Guangzhou Cases Ltd.,$13.91,$2.01,$1.92,$0.03,$0.00,$1.00,$13.91,$2.01,$1.92,$0.42,No,$0.00,$4.35,$9.56,68.7%,0.00,Delivered
Electronics,Shenzhen Print Tech,$60.45,$20.98,$7.16,$0.03,$7.66,$2.00,$120.90,$41.96,$14.32,$3.63,No,$0.00,$67.57,$53.33,44.1%,15.78,Delivered
Accessories,Guangzhou Cases Ltd.,$15.06,$1.91,$2.03,$0.03,$0.00,$1.00,$15.06,$1.91,$2.03,$0.45,No,$0.00,$4.39,$10.67,70.8%,0.00,Delivered
Fitness,Hangzhou Health Gear,$33.59,$9.36,$3.89,$0.03,$10.63,$3.00,$100.77,$28.08,$11.67,$3.02,No,$0.00,$53.40,$47.37,47.0%,9.48,Delivered
Pets,Yiwu Pet Products,$19.70,$3.64,$2.60,$0.03,$1.94,$1.00,$19.70,$3.64,$2.60,$0.59,No,$0.00,$8.77,$10.93,55.5%,10.15,Delivered
Lifestyle,Shenzhen Smart Home,$31.62,$10.74,$4.47,$0.03,$5.48,$1.00,$31.62,$10.74,$4.47,$0.95,No,$0.00,$21.64,$9.98,31.6%,5.77,Delivered
Home Decor,Yiwu Lighting Factory,$23.51,$6.33,$3.28,$0.03,$4.32,$3.00,$70.53,$18.99,$9.84,$2.12,No,$0.00,$35.27,$35.26,50.0%,16.33,Delivered
Home Decor,Yiwu Lighting Factory,$25.13,$6.17,$3.71,$0.03,$0.00,$1.00,$25.13,$6.17,$3.71,$0.75,No,$0.00,$10.63,$14.50,57.7%,0.00,Delivered
Fitness,Hangzhou Health Gear,$33.10,$9.06,$4.13,$0.03,$8.79,$1.00,$33.10,$9.06,$4.13,$0.99,No,$0.00,$22.97,$10.13,30.6%,3.77,Delivered
Accessories,Guangzhou Cases Ltd.,$16.06,$2.14,$2.05,$0.03,$6.31,$1.00,$16.06,$2.14,$2.05,$0.48,No,$0.00,$10.98,$5.08,31.6%,2.55,Delivered
Automotive,Dongguan Auto Tools,$45.67,$14.42,$6.42,$0.03,$2.08,$1.00,$45.67,$14.42,$6.42,$1.37,Yes,$23.81,$48.10,-$2.43,-5.3%,21.96,Refunded
Electronics,Shenzhen Audio Co.,$41.14,$9.15,$4.02,$0.03,$11.41,$2.00,$82.28,$18.30,$8.04,$2.47,No,$0.00,$40.22,$42.06,51.1%,7.21,Delivered
Automotive,Dongguan Auto Tools,$43.19,$14.03,$7.37,$0.03,$1.37,$1.00,$43.19,$14.03,$7.37,$1.30,No,$0.00,$24.07,$19.12,44.3%,31.53,Delivered
Electronics,Shenzhen Audio Co.,$44.11,$8.62,$4.40,$0.03,$0.00,$2.00,$88.22,$17.24,$8.80,$2.65,No,$0.00,$28.69,$59.53,67.5%,0.00,Delivered
Kitchen,Foshan Appliances,$48.92,$16.31,$6.33,$0.03,$0.00,$2.00,$97.84,$32.62,$12.66,$2.94,Yes,$44.67,$92.89,$4.95,5.1%,0.00,Refunded
Home Decor,Yiwu Lighting Factory,$27.36,$5.76,$3.98,$0.03,$9.27,$1.00,$27.36,$5.76,$3.98,$0.82,No,$0.00,$19.83,$7.53,27.5%,2.95,Delivered
Electronics,Shenzhen Print Tech,$66.11,$21.01,$7.92,$0.03,$4.09,$1.00,$66.11,$21.01,$7.92,$1.98,No,$0.00,$35.00,$31.11,47.1%,16.16,Delivered
Automotive,Dongguan Auto Tools,$42.14,$14.42,$6.18,$0.03,$6.19,$1.00,$42.14,$14.42,$6.18,$1.26,No,$0.00,$28.05,$14.09,33.4%,6.81,Delivered
Accessories,Guangzhou Cases Ltd.,$15.75,$2.11,$2.08,$0.03,$9.14,$1.00,$15.75,$2.11,$2.08,$0.47,No,$0.00,$13.80,$1.95,12.4%,1.72,Delivered
Lifestyle,Shenzhen Smart Home,$34.37,$10.41,$4.17,$0.03,$16.47,$2.00,$68.74,$20.82,$8.34,$2.06,No,$0.00,$47.69,$21.05,30.6%,4.17,Delivered
Accessories,Guangzhou Cases Ltd.,$13.62,$2.06,$2.04,$0.03,$3.98,$3.00,$40.86,$6.18,$6.12,$1.23,No,$0.00,$17.51,$23.35,57.1%,10.27,Delivered
Lifestyle,Shenzhen Smart Home,$35.36,$9.56,$4.02,$0.03,$4.44,$1.00,$35.36,$9.56,$4.02,$1.06,No,$0.00,$19.08,$16.28,46.0%,7.96,Delivered
Fitness,Hangzhou Health Gear,$38.55,$9.40,$3.69,$0.03,$3.29,$2.00,$77.10,$18.80,$7.38,$2.31,No,$0.00,$31.78,$45.32,58.8%,23.43,Delivered
Electronics,Shenzhen Audio Co.,$40.13,$8.28,$4.43,$0.03,$0.00,$1.00,$40.13,$8.28,$4.43,$1.20,No,$0.00,$13.91,$26.22,65.3%,0.00,Delivered
Electronics,Shenzhen Audio Co.,$42.89,$8.30,$3.66,$0.03,$5.64,$1.00,$42.89,$8.30,$3.66,$1.29,No,$0.00,$18.89,$24.00,56.0%,7.60,Delivered
Accessories,Guangzhou Cases Ltd.,$14.04,$2.09,$1.96,$0.03,$15.59,$2.00,$28.08,$4.18,$3.92,$0.84,No,$0.00,$24.53,$3.55,12.6%,1.80,Delivered
Fitness,Hangzhou Health Gear,$36.26,$9.63,$4.03,$0.03,$10.44,$1.00,$36.26,$9.63,$4.03,$1.09,No,$0.00,$25.19,$11.07,30.5%,3.47,Delivered
Automotive,Dongguan Auto Tools,$43.82,$14.50,$7.01,$0.03,$18.70,$2.00,$87.64,$29.00,$14.02,$2.63,No,$0.00,$64.35,$23.29,26.6%,4.69,Delivered
Electronics,Shenzhen Audio Co.,$41.55,$8.35,$3.90,$0.03,$6.92,$2.00,$83.10,$16.70,$7.80,$2.49,No,$0.00,$33.91,$49.19,59.2%,12.01,Delivered
Home Decor,Yiwu Lighting Factory,$27.00,$5.89,$3.50,$0.03,$30.12,$3.00,$81.00,$17.67,$10.50,$2.43,No,$0.00,$60.72,$20.28,25.0%,2.69,Delivered
Home Decor,Yiwu Lighting Factory,$23.08,$6.17,$3.79,$0.03,$6.69,$2.00,$46.16,$12.34,$7.58,$1.38,No,$0.00,$27.99,$18.17,39.4%,6.90,Delivered
Lifestyle,Shenzhen Smart Home,$33.25,$10.35,$4.34,$0.03,$15.31,$2.00,$66.50,$20.70,$8.68,$2.00,No,$0.00,$46.69,$19.81,29.8%,4.34,Delivered
Electronics,Shenzhen Audio Co.,$41.49,$8.76,$4.00,$0.03,$4.39,$1.00,$0.00,$0.00,$0.00,$0.00,No,$0.00,$0.00,-$4.39,0.0%,0.00,Cancelled
Automotive,Dongguan Auto Tools,$41.25,$14.16,$6.13,$0.03,$8.59,$1.00,$41.25,$14.16,$6.13,$1.24,No,$0.00,$30.12,$11.13,27.0%,4.80,Delivered
Kitchen,Foshan Appliances,$45.67,$15.66,$6.41,$0.03,$6.63,$2.00,$91.34,$31.32,$12.82,$2.74,No,$0.00,$53.51,$37.83,41.4%,13.78,Delivered
Home Decor,Yiwu Lighting Factory,$25.37,$6.41,$3.52,$0.03,$10.63,$3.00,$76.11,$19.23,$10.56,$2.28,No,$0.00,$42.70,$33.41,43.9%,7.16,Delivered
Beauty,Ningbo Beauty Supply,$30.30,$6.84,$4.26,$0.03,$7.60,$2.00,$0.00,$0.00,$0.00,$0.00,No,$0.00,$0.00,-$7.60,0.0%,0.00,Cancelled
